"GEO_ID","NAME","B01003_001E","B01003_001M",
"Geography","Geographic Area Name","Estimate!!Total","Margin of Error!!Total",
"1400000US04013010102","Census Tract 101.02; Maricopa County; Arizona","6265","929",
"1400000US04013010103","Census Tract 101.03; Maricopa County; Arizona","3681","487",
"1400000US04013010104","Census Tract 101.04; Maricopa County; Arizona","3131","507",
"1400000US04013030401","Census Tract 304.01; Maricopa County; Arizona","4744","446",
"1400000US04013030402","Census Tract 304.02; Maricopa County; Arizona","4153","340",
"1400000US04013040502","Census Tract 405.02; Maricopa County; Arizona","4369","419",
"1400000US04013040506","Census Tract 405.06; Maricopa County; Arizona","5543","587",
"1400000US04013040507","Census Tract 405.07; Maricopa County; Arizona","6551","528",
"1400000US04013040512","Census Tract 405.12; Maricopa County; Arizona","1580","170",
"1400000US04013040513","Census Tract 405.13; Maricopa County; Arizona","2787","318",
"1400000US04013040514","Census Tract 405.14; Maricopa County; Arizona","2949","229",
"1400000US04013040515","Census Tract 405.15; Maricopa County; Arizona","5080","718",
"1400000US04013040516","Census Tract 405.16; Maricopa County; Arizona","9360","1422",
"1400000US04013040522","Census Tract 405.22; Maricopa County; Arizona","4429","611",
"1400000US04013040523","Census Tract 405.23; Maricopa County; Arizona","3164","320",
"1400000US04013040524","Census Tract 405.24; Maricopa County; Arizona","1647","354",
"1400000US04013040525","Census Tract 405.25; Maricopa County; Arizona","2981","329",
"1400000US04013040526","Census Tract 405.26; Maricopa County; Arizona","2483","303",
"1400000US04013040527","Census Tract 405.27; Maricopa County; Arizona","4608","396",
"1400000US04013040528","Census Tract 405.28; Maricopa County; Arizona","5745","551",
"1400000US04013040529","Census Tract 405.29; Maricopa County; Arizona","3396","339",
"1400000US04013040530","Census Tract 405.30; Maricopa County; Arizona","3613","473",
"1400000US04013040531","Census Tract 405.31; Maricopa County; Arizona","3756","414",
"1400000US04013040532","Census Tract 405.32; Maricopa County; Arizona","7109","994",
"1400000US04013040533","Census Tract 405.33; Maricopa County; Arizona","2862","364",
"1400000US04013040534","Census Tract 405.34; Maricopa County; Arizona","3516","391",
"1400000US04013040535","Census Tract 405.35; Maricopa County; Arizona","6271","635",
"1400000US04013040536","Census Tract 405.36; Maricopa County; Arizona","6550","823",
"1400000US04013040537","Census Tract 405.37; Maricopa County; Arizona","2974","661",
"1400000US04013040538","Census Tract 405.38; Maricopa County; Arizona","5866","925",
"1400000US04013040539","Census Tract 405.39; Maricopa County; Arizona","7293","711",
"1400000US04013040540","Census Tract 405.40; Maricopa County; Arizona","6427","906",
"1400000US04013040541","Census Tract 405.41; Maricopa County; Arizona","5195","1097",
"1400000US04013050603","Census Tract 506.03; Maricopa County; Arizona","5727","1038",
"1400000US04013050604","Census Tract 506.04; Maricopa County; Arizona","3582","471",
"1400000US04013050609","Census Tract 506.09; Maricopa County; Arizona","5201","442",
"1400000US04013050611","Census Tract 506.11; Maricopa County; Arizona","6731","1184",
"1400000US04013050612","Census Tract 506.12; Maricopa County; Arizona","11852","2263",
"1400000US04013050613","Census Tract 506.13; Maricopa County; Arizona","5676","746",
"1400000US04013050614","Census Tract 506.14; Maricopa County; Arizona","4280","458",
"1400000US04013050615","Census Tract 506.15; Maricopa County; Arizona","5418","785",
"1400000US04013050616","Census Tract 506.16; Maricopa County; Arizona","2962","610",
"1400000US04013050617","Census Tract 506.17; Maricopa County; Arizona","5340","527",
"1400000US04013050618","Census Tract 506.18; Maricopa County; Arizona","8264","2339",
"1400000US04013050619","Census Tract 506.19; Maricopa County; Arizona","9275","1187",
"1400000US04013050620","Census Tract 506.20; Maricopa County; Arizona","8811","1001",
"1400000US04013050621","Census Tract 506.21; Maricopa County; Arizona","9303","964",
"1400000US04013050701","Census Tract 507.01; Maricopa County; Arizona","7666","993",
"1400000US04013050702","Census Tract 507.02; Maricopa County; Arizona","6554","953",
"1400000US04013060801","Census Tract 608.01; Maricopa County; Arizona","5274","912",
"1400000US04013060802","Census Tract 608.02; Maricopa County; Arizona","3198","313",
"1400000US04013060901","Census Tract 609.01; Maricopa County; Arizona","4595","548",
"1400000US04013060902","Census Tract 609.02; Maricopa County; Arizona","4023","692",
"1400000US04013060903","Census Tract 609.03; Maricopa County; Arizona","5507","884",
"1400000US04013060904","Census Tract 609.04; Maricopa County; Arizona","3981","416",
"1400000US04013061010","Census Tract 610.10; Maricopa County; Arizona","6263","274",
"1400000US04013061011","Census Tract 610.11; Maricopa County; Arizona","8745","1352",
"1400000US04013061013","Census Tract 610.13; Maricopa County; Arizona","7291","1364",
"1400000US04013061014","Census Tract 610.14; Maricopa County; Arizona","6114","626",
"1400000US04013061015","Census Tract 610.15; Maricopa County; Arizona","5621","798",
"1400000US04013061017","Census Tract 610.17; Maricopa County; Arizona","4722","669",
"1400000US04013061018","Census Tract 610.18; Maricopa County; Arizona","5540","592",
"1400000US04013061020","Census Tract 610.20; Maricopa County; Arizona","3538","333",
"1400000US04013061021","Census Tract 610.21; Maricopa County; Arizona","2103","367",
"1400000US04013061024","Census Tract 610.24; Maricopa County; Arizona","2531","331",
"1400000US04013061026","Census Tract 610.26; Maricopa County; Arizona","6659","797",
"1400000US04013061027","Census Tract 610.27; Maricopa County; Arizona","5928","1687",
"1400000US04013061028","Census Tract 610.28; Maricopa County; Arizona","3054","329",
"1400000US04013061029","Census Tract 610.29; Maricopa County; Arizona","4808","539",
"1400000US04013061031","Census Tract 610.31; Maricopa County; Arizona","8177","957",
"1400000US04013061032","Census Tract 610.32; Maricopa County; Arizona","6238","759",
"1400000US04013061033","Census Tract 610.33; Maricopa County; Arizona","5707","698",
"1400000US04013061034","Census Tract 610.34; Maricopa County; Arizona","8391","1354",
"1400000US04013061035","Census Tract 610.35; Maricopa County; Arizona","6997","860",
"1400000US04013061036","Census Tract 610.36; Maricopa County; Arizona","4830","528",
"1400000US04013061037","Census Tract 610.37; Maricopa County; Arizona","6398","573",
"1400000US04013061038","Census Tract 610.38; Maricopa County; Arizona","5162","1065",
"1400000US04013061039","Census Tract 610.39; Maricopa County; Arizona","6012","825",
"1400000US04013061040","Census Tract 610.40; Maricopa County; Arizona","4992","857",
"1400000US04013061041","Census Tract 610.41; Maricopa County; Arizona","4658","780",
"1400000US04013061042","Census Tract 610.42; Maricopa County; Arizona","2424","386",
"1400000US04013061043","Census Tract 610.43; Maricopa County; Arizona","2445","266",
"1400000US04013061044","Census Tract 610.44; Maricopa County; Arizona","9468","851",
"1400000US04013061045","Census Tract 610.45; Maricopa County; Arizona","8706","854",
"1400000US04013061046","Census Tract 610.46; Maricopa County; Arizona","6216","838",
"1400000US04013061047","Census Tract 610.47; Maricopa County; Arizona","4079","559",
"1400000US04013061048","Census Tract 610.48; Maricopa County; Arizona","4133","772",
"1400000US04013061049","Census Tract 610.49; Maricopa County; Arizona","5258","801",
"1400000US04013061050","Census Tract 610.50; Maricopa County; Arizona","6811","884",
"1400000US04013061051","Census Tract 610.51; Maricopa County; Arizona","4774","1360",
"1400000US04013061052","Census Tract 610.52; Maricopa County; Arizona","9156","1876",
"1400000US04013061053","Census Tract 610.53; Maricopa County; Arizona","8308","921",
"1400000US04013061054","Census Tract 610.54; Maricopa County; Arizona","7649","898",
"1400000US04013061055","Census Tract 610.55; Maricopa County; Arizona","5797","950",
"1400000US04013061056","Census Tract 610.56; Maricopa County; Arizona","3939","808",
"1400000US04013061057","Census Tract 610.57; Maricopa County; Arizona","3591","449",
"1400000US04013061058","Census Tract 610.58; Maricopa County; Arizona","3602","541",
"1400000US04013061059","Census Tract 610.59; Maricopa County; Arizona","5397","1183",
"1400000US04013061060","Census Tract 610.60; Maricopa County; Arizona","2864","406",
"1400000US04013061061","Census Tract 610.61; Maricopa County; Arizona","5088","895",
"1400000US04013061062","Census Tract 610.62; Maricopa County; Arizona","7662","1025",
"1400000US04013061063","Census Tract 610.63; Maricopa County; Arizona","1503","164",
"1400000US04013061064","Census Tract 610.64; Maricopa County; Arizona","3169","457",
"1400000US04013061100","Census Tract 611; Maricopa County; Arizona","2802","305",
"1400000US04013061200","Census Tract 612; Maricopa County; Arizona","6228","1114",
"1400000US04013061300","Census Tract 613; Maricopa County; Arizona","2390","468",
"1400000US04013061401","Census Tract 614.01; Maricopa County; Arizona","2053","415",
"1400000US04013061402","Census Tract 614.02; Maricopa County; Arizona","5969","729",
"1400000US04013071503","Census Tract 715.03; Maricopa County; Arizona","4521","525",
"1400000US04013071504","Census Tract 715.04; Maricopa County; Arizona","3287","439",
"1400000US04013071505","Census Tract 715.05; Maricopa County; Arizona","6520","710",
"1400000US04013071506","Census Tract 715.06; Maricopa County; Arizona","4250","679",
"1400000US04013071509","Census Tract 715.09; Maricopa County; Arizona","5613","594",
"1400000US04013071510","Census Tract 715.10; Maricopa County; Arizona","4338","543",
"1400000US04013071511","Census Tract 715.11; Maricopa County; Arizona","4111","731",
"1400000US04013071512","Census Tract 715.12; Maricopa County; Arizona","6241","1174",
"1400000US04013071513","Census Tract 715.13; Maricopa County; Arizona","1634","152",
"1400000US04013071514","Census Tract 715.14; Maricopa County; Arizona","4382","873",
"1400000US04013071515","Census Tract 715.15; Maricopa County; Arizona","3840","631",
"1400000US04013071516","Census Tract 715.16; Maricopa County; Arizona","4251","758",
"1400000US04013071517","Census Tract 715.17; Maricopa County; Arizona","3810","515",
"1400000US04013071600","Census Tract 716; Maricopa County; Arizona","3834","389",
"1400000US04013071701","Census Tract 717.01; Maricopa County; Arizona","3356","387",
"1400000US04013071702","Census Tract 717.02; Maricopa County; Arizona","3081","394",
"1400000US04013071801","Census Tract 718.01; Maricopa County; Arizona","4820","734",
"1400000US04013071802","Census Tract 718.02; Maricopa County; Arizona","3222","460",
"1400000US04013071903","Census Tract 719.03; Maricopa County; Arizona","6537","949",
"1400000US04013071906","Census Tract 719.06; Maricopa County; Arizona","5674","686",
"1400000US04013071909","Census Tract 719.09; Maricopa County; Arizona","3799","362",
"1400000US04013071910","Census Tract 719.10; Maricopa County; Arizona","7073","1002",
"1400000US04013071911","Census Tract 719.11; Maricopa County; Arizona","3637","544",
"1400000US04013071912","Census Tract 719.12; Maricopa County; Arizona","3270","754",
"1400000US04013071913","Census Tract 719.13; Maricopa County; Arizona","6348","1245",
"1400000US04013071914","Census Tract 719.14; Maricopa County; Arizona","3198","371",
"1400000US04013071915","Census Tract 719.15; Maricopa County; Arizona","3540","522",
"1400000US04013082002","Census Tract 820.02; Maricopa County; Arizona","6737","1199",
"1400000US04013082007","Census Tract 820.07; Maricopa County; Arizona","4042","500",
"1400000US04013082008","Census Tract 820.08; Maricopa County; Arizona","5249","857",
"1400000US04013082009","Census Tract 820.09; Maricopa County; Arizona","4927","764",
"1400000US04013082010","Census Tract 820.10; Maricopa County; Arizona","5702","1435",
"1400000US04013082012","Census Tract 820.12; Maricopa County; Arizona","6824","857",
"1400000US04013082016","Census Tract 820.16; Maricopa County; Arizona","4197","720",
"1400000US04013082017","Census Tract 820.17; Maricopa County; Arizona","5875","728",
"1400000US04013082018","Census Tract 820.18; Maricopa County; Arizona","5203","923",
"1400000US04013082019","Census Tract 820.19; Maricopa County; Arizona","2355","281",
"1400000US04013082020","Census Tract 820.20; Maricopa County; Arizona","4659","804",
"1400000US04013082021","Census Tract 820.21; Maricopa County; Arizona","2441","350",
"1400000US04013082022","Census Tract 820.22; Maricopa County; Arizona","5493","1202",
"1400000US04013082023","Census Tract 820.23; Maricopa County; Arizona","5889","629",
"1400000US04013082024","Census Tract 820.24; Maricopa County; Arizona","4545","464",
"1400000US04013082025","Census Tract 820.25; Maricopa County; Arizona","3415","607",
"1400000US04013082026","Census Tract 820.26; Maricopa County; Arizona","7417","780",
"1400000US04013082027","Census Tract 820.27; Maricopa County; Arizona","6225","774",
"1400000US04013082028","Census Tract 820.28; Maricopa County; Arizona","4316","817",
"1400000US04013082204","Census Tract 822.04; Maricopa County; Arizona","7727","952",
"1400000US04013082205","Census Tract 822.05; Maricopa County; Arizona","6702","828",
"1400000US04013082206","Census Tract 822.06; Maricopa County; Arizona","4373","293",
"1400000US04013082207","Census Tract 822.07; Maricopa County; Arizona","3673","478",
"1400000US04013082208","Census Tract 822.08; Maricopa County; Arizona","3626","396",
"1400000US04013082209","Census Tract 822.09; Maricopa County; Arizona","2870","586",
"1400000US04013082210","Census Tract 822.10; Maricopa County; Arizona","5124","843",
"1400000US04013082211","Census Tract 822.11; Maricopa County; Arizona","8054","1612",
"1400000US04013082212","Census Tract 822.12; Maricopa County; Arizona","6824","1689",
"1400000US04013082213","Census Tract 822.13; Maricopa County; Arizona","6818","1216",
"1400000US04013083000","Census Tract 830; Maricopa County; Arizona","7233","15",
"1400000US04013092305","Census Tract 923.05; Maricopa County; Arizona","5158","914",
"1400000US04013092306","Census Tract 923.06; Maricopa County; Arizona","5611","533",
"1400000US04013092307","Census Tract 923.07; Maricopa County; Arizona","6245","994",
"1400000US04013092308","Census Tract 923.08; Maricopa County; Arizona","6980","833",
"1400000US04013092309","Census Tract 923.09; Maricopa County; Arizona","5891","990",
"1400000US04013092311","Census Tract 923.11; Maricopa County; Arizona","2679","363",
"1400000US04013092312","Census Tract 923.12; Maricopa County; Arizona","6651","1089",
"1400000US04013092401","Census Tract 924.01; Maricopa County; Arizona","3937","431",
"1400000US04013092402","Census Tract 924.02; Maricopa County; Arizona","3505","568",
"1400000US04013092500","Census Tract 925; Maricopa County; Arizona","4656","673",
"1400000US04013092600","Census Tract 926; Maricopa County; Arizona","3307","509",
"1400000US04013092705","Census Tract 927.05; Maricopa County; Arizona","4684","843",
"1400000US04013092708","Census Tract 927.08; Maricopa County; Arizona","1898","277",
"1400000US04013092709","Census Tract 927.09; Maricopa County; Arizona","4566","797",
"1400000US04013092710","Census Tract 927.10; Maricopa County; Arizona","5638","799",
"1400000US04013092711","Census Tract 927.11; Maricopa County; Arizona","3720","580",
"1400000US04013092712","Census Tract 927.12; Maricopa County; Arizona","4933","780",
"1400000US04013092713","Census Tract 927.13; Maricopa County; Arizona","5123","983",
"1400000US04013092715","Census Tract 927.15; Maricopa County; Arizona","4882","680",
"1400000US04013092716","Census Tract 927.16; Maricopa County; Arizona","3957","371",
"1400000US04013092717","Census Tract 927.17; Maricopa County; Arizona","6379","1070",
"1400000US04013092718","Census Tract 927.18; Maricopa County; Arizona","4555","890",
"1400000US04013092719","Census Tract 927.19; Maricopa County; Arizona","5391","579",
"1400000US04013092720","Census Tract 927.20; Maricopa County; Arizona","8242","1251",
"1400000US04013092721","Census Tract 927.21; Maricopa County; Arizona","4018","395",
"1400000US04013092723","Census Tract 927.23; Maricopa County; Arizona","4349","504",
"1400000US04013092724","Census Tract 927.24; Maricopa County; Arizona","4883","809",
"1400000US04013092801","Census Tract 928.01; Maricopa County; Arizona","5949","1098",
"1400000US04013092802","Census Tract 928.02; Maricopa County; Arizona","5711","885",
"1400000US04013092900","Census Tract 929; Maricopa County; Arizona","3517","498",
"1400000US04013093001","Census Tract 930.01; Maricopa County; Arizona","6140","1396",
"1400000US04013093002","Census Tract 930.02; Maricopa County; Arizona","4199","903",
"1400000US04013093101","Census Tract 931.01; Maricopa County; Arizona","5750","1213",
"1400000US04013093104","Census Tract 931.04; Maricopa County; Arizona","5301","715",
"1400000US04013093105","Census Tract 931.05; Maricopa County; Arizona","5340","890",
"1400000US04013093106","Census Tract 931.06; Maricopa County; Arizona","4169","593",
"1400000US04013093200","Census Tract 932; Maricopa County; Arizona","4743","604",
"1400000US04013103205","Census Tract 1032.05; Maricopa County; Arizona","2447","248",
"1400000US04013103206","Census Tract 1032.06; Maricopa County; Arizona","2284","204",
"1400000US04013103207","Census Tract 1032.07; Maricopa County; Arizona","2215","290",
"1400000US04013103208","Census Tract 1032.08; Maricopa County; Arizona","3756","521",
"1400000US04013103209","Census Tract 1032.09; Maricopa County; Arizona","4961","951",
"1400000US04013103210","Census Tract 1032.10; Maricopa County; Arizona","7951","966",
"1400000US04013103211","Census Tract 1032.11; Maricopa County; Arizona","4744","705",
"1400000US04013103212","Census Tract 1032.12; Maricopa County; Arizona","4343","564",
"1400000US04013103214","Census Tract 1032.14; Maricopa County; Arizona","3814","567",
"1400000US04013103215","Census Tract 1032.15; Maricopa County; Arizona","3064","346",
"1400000US04013103216","Census Tract 1032.16; Maricopa County; Arizona","5584","801",
"1400000US04013103217","Census Tract 1032.17; Maricopa County; Arizona","5629","816",
"1400000US04013103219","Census Tract 1032.19; Maricopa County; Arizona","3811","402",
"1400000US04013103220","Census Tract 1032.20; Maricopa County; Arizona","2820","357",
"1400000US04013103302","Census Tract 1033.02; Maricopa County; Arizona","6028","936",
"1400000US04013103303","Census Tract 1033.03; Maricopa County; Arizona","3923","456",
"1400000US04013103304","Census Tract 1033.04; Maricopa County; Arizona","4406","612",
"1400000US04013103305","Census Tract 1033.05; Maricopa County; Arizona","3732","750",
"1400000US04013103306","Census Tract 1033.06; Maricopa County; Arizona","4194","845",
"1400000US04013103400","Census Tract 1034; Maricopa County; Arizona","4237","317",
"1400000US04013103501","Census Tract 1035.01; Maricopa County; Arizona","3085","395",
"1400000US04013103502","Census Tract 1035.02; Maricopa County; Arizona","6213","748",
"1400000US04013103604","Census Tract 1036.04; Maricopa County; Arizona","4238","660",
"1400000US04013103605","Census Tract 1036.05; Maricopa County; Arizona","6041","1027",
"1400000US04013103606","Census Tract 1036.06; Maricopa County; Arizona","4852","1181",
"1400000US04013103607","Census Tract 1036.07; Maricopa County; Arizona","4233","457",
"1400000US04013103608","Census Tract 1036.08; Maricopa County; Arizona","4338","443",
"1400000US04013103609","Census Tract 1036.09; Maricopa County; Arizona","6183","1345",
"1400000US04013103611","Census Tract 1036.11; Maricopa County; Arizona","5034","447",
"1400000US04013103612","Census Tract 1036.12; Maricopa County; Arizona","5643","864",
"1400000US04013103614","Census Tract 1036.14; Maricopa County; Arizona","3032","345",
"1400000US04013103615","Census Tract 1036.15; Maricopa County; Arizona","5530","791",
"1400000US04013103701","Census Tract 1037.01; Maricopa County; Arizona","4947","692",
"1400000US04013103702","Census Tract 1037.02; Maricopa County; Arizona","3557","731",
"1400000US04013103900","Census Tract 1039; Maricopa County; Arizona","6528","984",
"1400000US04013104000","Census Tract 1040; Maricopa County; Arizona","7438","1242",
"1400000US04013104100","Census Tract 1041; Maricopa County; Arizona","7448","957",
"1400000US04013104202","Census Tract 1042.02; Maricopa County; Arizona","4995","522",
"1400000US04013104203","Census Tract 1042.03; Maricopa County; Arizona","7374","1343",
"1400000US04013104204","Census Tract 1042.04; Maricopa County; Arizona","3053","455",
"1400000US04013104205","Census Tract 1042.05; Maricopa County; Arizona","6919","1018",
"1400000US04013104206","Census Tract 1042.06; Maricopa County; Arizona","3987","530",
"1400000US04013104207","Census Tract 1042.07; Maricopa County; Arizona","4402","596",
"1400000US04013104212","Census Tract 1042.12; Maricopa County; Arizona","6424","1070",
"1400000US04013104214","Census Tract 1042.14; Maricopa County; Arizona","2304","332",
"1400000US04013104215","Census Tract 1042.15; Maricopa County; Arizona","4281","423",
"1400000US04013104216","Census Tract 1042.16; Maricopa County; Arizona","4606","776",
"1400000US04013104217","Census Tract 1042.17; Maricopa County; Arizona","5217","704",
"1400000US04013104218","Census Tract 1042.18; Maricopa County; Arizona","3921","437",
"1400000US04013104219","Census Tract 1042.19; Maricopa County; Arizona","4232","1026",
"1400000US04013104221","Census Tract 1042.21; Maricopa County; Arizona","5417","473",
"1400000US04013104222","Census Tract 1042.22; Maricopa County; Arizona","6961","1392",
"1400000US04013104223","Census Tract 1042.23; Maricopa County; Arizona","2197","394",
"1400000US04013104224","Census Tract 1042.24; Maricopa County; Arizona","6590","783",
"1400000US04013104225","Census Tract 1042.25; Maricopa County; Arizona","3805","657",
"1400000US04013104226","Census Tract 1042.26; Maricopa County; Arizona","4516","525",
"1400000US04013104227","Census Tract 1042.27; Maricopa County; Arizona","1991","256",
"1400000US04013104301","Census Tract 1043.01; Maricopa County; Arizona","3941","739",
"1400000US04013104302","Census Tract 1043.02; Maricopa County; Arizona","3846","752",
"1400000US04013104401","Census Tract 1044.01; Maricopa County; Arizona","5686","926",
"1400000US04013104402","Census Tract 1044.02; Maricopa County; Arizona","2435","498",
"1400000US04013104501","Census Tract 1045.01; Maricopa County; Arizona","4080","537",
"1400000US04013104502","Census Tract 1045.02; Maricopa County; Arizona","5456","1037",
"1400000US04013104600","Census Tract 1046; Maricopa County; Arizona","4009","613",
"1400000US04013104701","Census Tract 1047.01; Maricopa County; Arizona","2727","636",
"1400000US04013104702","Census Tract 1047.02; Maricopa County; Arizona","3662","560",
"1400000US04013104801","Census Tract 1048.01; Maricopa County; Arizona","3983","890",
"1400000US04013104802","Census Tract 1048.02; Maricopa County; Arizona","5632","500",
"1400000US04013104900","Census Tract 1049; Maricopa County; Arizona","4293","498",
"1400000US04013105002","Census Tract 1050.02; Maricopa County; Arizona","2450","447",
"1400000US04013105003","Census Tract 1050.03; Maricopa County; Arizona","4230","513",
"1400000US04013105004","Census Tract 1050.04; Maricopa County; Arizona","3472","527",
"1400000US04013105101","Census Tract 1051.01; Maricopa County; Arizona","4279","511",
"1400000US04013105102","Census Tract 1051.02; Maricopa County; Arizona","4682","560",
"1400000US04013105103","Census Tract 1051.03; Maricopa County; Arizona","2834","605",
"1400000US04013105200","Census Tract 1052; Maricopa County; Arizona","5887","892",
"1400000US04013105300","Census Tract 1053; Maricopa County; Arizona","4683","823",
"1400000US04013105400","Census Tract 1054; Maricopa County; Arizona","3734","574",
"1400000US04013105501","Census Tract 1055.01; Maricopa County; Arizona","2319","277",
"1400000US04013105502","Census Tract 1055.02; Maricopa County; Arizona","1867","224",
"1400000US04013105503","Census Tract 1055.03; Maricopa County; Arizona","4193","808",
"1400000US04013105601","Census Tract 1056.01; Maricopa County; Arizona","4095","1503",
"1400000US04013105602","Census Tract 1056.02; Maricopa County; Arizona","6553","1107",
"1400000US04013105701","Census Tract 1057.01; Maricopa County; Arizona","3500","703",
"1400000US04013105702","Census Tract 1057.02; Maricopa County; Arizona","4244","662",
"1400000US04013105800","Census Tract 1058; Maricopa County; Arizona","6751","1122",
"1400000US04013105900","Census Tract 1059; Maricopa County; Arizona","5286","838",
"1400000US04013106001","Census Tract 1060.01; Maricopa County; Arizona","1853","535",
"1400000US04013106002","Census Tract 1060.02; Maricopa County; Arizona","2864","496",
"1400000US04013106003","Census Tract 1060.03; Maricopa County; Arizona","3856","520",
"1400000US04013106100","Census Tract 1061; Maricopa County; Arizona","5803","614",
"1400000US04013106200","Census Tract 1062; Maricopa County; Arizona","3369","493",
"1400000US04013106300","Census Tract 1063; Maricopa County; Arizona","5501","669",
"1400000US04013106400","Census Tract 1064; Maricopa County; Arizona","3253","425",
"1400000US04013106501","Census Tract 1065.01; Maricopa County; Arizona","3319","524",
"1400000US04013106502","Census Tract 1065.02; Maricopa County; Arizona","3875","390",
"1400000US04013106600","Census Tract 1066; Maricopa County; Arizona","3676","407",
"1400000US04013106701","Census Tract 1067.01; Maricopa County; Arizona","4322","701",
"1400000US04013106702","Census Tract 1067.02; Maricopa County; Arizona","1323","167",
"1400000US04013106703","Census Tract 1067.03; Maricopa County; Arizona","2432","342",
"1400000US04013106801","Census Tract 1068.01; Maricopa County; Arizona","4581","763",
"1400000US04013106802","Census Tract 1068.02; Maricopa County; Arizona","3486","497",
"1400000US04013106900","Census Tract 1069; Maricopa County; Arizona","7578","1184",
"1400000US04013107001","Census Tract 1070.01; Maricopa County; Arizona","4754","1806",
"1400000US04013107002","Census Tract 1070.02; Maricopa County; Arizona","3810","368",
"1400000US04013107101","Census Tract 1071.01; Maricopa County; Arizona","4950","1072",
"1400000US04013107102","Census Tract 1071.02; Maricopa County; Arizona","4639","797",
"1400000US04013107201","Census Tract 1072.01; Maricopa County; Arizona","4879","434",
"1400000US04013107202","Census Tract 1072.02; Maricopa County; Arizona","5132","719",
"1400000US04013107300","Census Tract 1073; Maricopa County; Arizona","6528","1319",
"1400000US04013107401","Census Tract 1074.01; Maricopa County; Arizona","2501","314",
"1400000US04013107402","Census Tract 1074.02; Maricopa County; Arizona","1380","271",
"1400000US04013107403","Census Tract 1074.03; Maricopa County; Arizona","2340","1199",
"1400000US04013107404","Census Tract 1074.04; Maricopa County; Arizona","1478","588",
"1400000US04013107500","Census Tract 1075; Maricopa County; Arizona","3520","517",
"1400000US04013107601","Census Tract 1076.01; Maricopa County; Arizona","3177","299",
"1400000US04013107602","Census Tract 1076.02; Maricopa County; Arizona","2831","326",
"1400000US04013107700","Census Tract 1077; Maricopa County; Arizona","3903","626",
"1400000US04013107800","Census Tract 1078; Maricopa County; Arizona","2390","262",
"1400000US04013107900","Census Tract 1079; Maricopa County; Arizona","3532","653",
"1400000US04013108000","Census Tract 1080; Maricopa County; Arizona","3129","352",
"1400000US04013108100","Census Tract 1081; Maricopa County; Arizona","2154","398",
"1400000US04013108200","Census Tract 1082; Maricopa County; Arizona","3363","455",
"1400000US04013108301","Census Tract 1083.01; Maricopa County; Arizona","3855","822",
"1400000US04013108302","Census Tract 1083.02; Maricopa County; Arizona","2688","353",
"1400000US04013108400","Census Tract 1084; Maricopa County; Arizona","5776","959",
"1400000US04013108501","Census Tract 1085.01; Maricopa County; Arizona","2723","691",
"1400000US04013108502","Census Tract 1085.02; Maricopa County; Arizona","3735","439",
"1400000US04013108601","Census Tract 1086.01; Maricopa County; Arizona","2454","459",
"1400000US04013108602","Census Tract 1086.02; Maricopa County; Arizona","6344","949",
"1400000US04013108802","Census Tract 1088.02; Maricopa County; Arizona","2203","337",
"1400000US04013108901","Census Tract 1089.01; Maricopa County; Arizona","2518","503",
"1400000US04013108902","Census Tract 1089.02; Maricopa County; Arizona","5212","705",
"1400000US04013109001","Census Tract 1090.01; Maricopa County; Arizona","5330","988",
"1400000US04013109002","Census Tract 1090.02; Maricopa County; Arizona","3906","467",
"1400000US04013109003","Census Tract 1090.03; Maricopa County; Arizona","6331","1083",
"1400000US04013109101","Census Tract 1091.01; Maricopa County; Arizona","3626","603",
"1400000US04013109102","Census Tract 1091.02; Maricopa County; Arizona","7010","958",
"1400000US04013109200","Census Tract 1092; Maricopa County; Arizona","4711","649",
"1400000US04013109300","Census Tract 1093; Maricopa County; Arizona","4473","1053",
"1400000US04013109401","Census Tract 1094.01; Maricopa County; Arizona","3224","852",
"1400000US04013109402","Census Tract 1094.02; Maricopa County; Arizona","4721","986",
"1400000US04013109500","Census Tract 1095; Maricopa County; Arizona","5950","979",
"1400000US04013109601","Census Tract 1096.01; Maricopa County; Arizona","4480","541",
"1400000US04013109602","Census Tract 1096.02; Maricopa County; Arizona","8004","1811",
"1400000US04013109603","Census Tract 1096.03; Maricopa County; Arizona","3892","280",
"1400000US04013109604","Census Tract 1096.04; Maricopa County; Arizona","4332","713",
"1400000US04013109702","Census Tract 1097.02; Maricopa County; Arizona","5571","913",
"1400000US04013109703","Census Tract 1097.03; Maricopa County; Arizona","3010","628",
"1400000US04013109704","Census Tract 1097.04; Maricopa County; Arizona","2530","771",
"1400000US04013109705","Census Tract 1097.05; Maricopa County; Arizona","1840","275",
"1400000US04013109706","Census Tract 1097.06; Maricopa County; Arizona","3324","721",
"1400000US04013109707","Census Tract 1097.07; Maricopa County; Arizona","4833","796",
"1400000US04013109801","Census Tract 1098.01; Maricopa County; Arizona","4593","743",
"1400000US04013109802","Census Tract 1098.02; Maricopa County; Arizona","4342","628",
"1400000US04013109900","Census Tract 1099; Maricopa County; Arizona","7204","947",
"1400000US04013110001","Census Tract 1100.01; Maricopa County; Arizona","4619","803",
"1400000US04013110002","Census Tract 1100.02; Maricopa County; Arizona","5037","696",
"1400000US04013110100","Census Tract 1101; Maricopa County; Arizona","6855","1324",
"1400000US04013110400","Census Tract 1104; Maricopa County; Arizona","5329","1105",
"1400000US04013110501","Census Tract 1105.01; Maricopa County; Arizona","3780","499",
"1400000US04013110502","Census Tract 1105.02; Maricopa County; Arizona","3911","521",
"1400000US04013110600","Census Tract 1106; Maricopa County; Arizona","4964","956",
"1400000US04013110701","Census Tract 1107.01; Maricopa County; Arizona","2311","256",
"1400000US04013110702","Census Tract 1107.02; Maricopa County; Arizona","4367","629",
"1400000US04013110801","Census Tract 1108.01; Maricopa County; Arizona","4942","933",
"1400000US04013110802","Census Tract 1108.02; Maricopa County; Arizona","2465","417",
"1400000US04013110901","Census Tract 1109.01; Maricopa County; Arizona","3743","826",
"1400000US04013110902","Census Tract 1109.02; Maricopa County; Arizona","4635","573",
"1400000US04013111000","Census Tract 1110; Maricopa County; Arizona","4593","862",
"1400000US04013111100","Census Tract 1111; Maricopa County; Arizona","4717","794",
"1400000US04013111201","Census Tract 1112.01; Maricopa County; Arizona","6379","961",
"1400000US04013111202","Census Tract 1112.02; Maricopa County; Arizona","1782","214",
"1400000US04013111203","Census Tract 1112.03; Maricopa County; Arizona","2180","572",
"1400000US04013111204","Census Tract 1112.04; Maricopa County; Arizona","3619","951",
"1400000US04013111300","Census Tract 1113; Maricopa County; Arizona","6026","845",
"1400000US04013111401","Census Tract 1114.01; Maricopa County; Arizona","4322","711",
"1400000US04013111402","Census Tract 1114.02; Maricopa County; Arizona","3545","559",
"1400000US04013111501","Census Tract 1115.01; Maricopa County; Arizona","2013","402",
"1400000US04013111502","Census Tract 1115.02; Maricopa County; Arizona","5797","729",
"1400000US04013111601","Census Tract 1116.01; Maricopa County; Arizona","3241","963",
"1400000US04013111602","Census Tract 1116.02; Maricopa County; Arizona","4305","563",
"1400000US04013111700","Census Tract 1117; Maricopa County; Arizona","4760","932",
"1400000US04013111800","Census Tract 1118; Maricopa County; Arizona","4478","682",
"1400000US04013111900","Census Tract 1119; Maricopa County; Arizona","2495","410",
"1400000US04013112100","Census Tract 1121; Maricopa County; Arizona","3920","688",
"1400000US04013112201","Census Tract 1122.01; Maricopa County; Arizona","4427","897",
"1400000US04013112202","Census Tract 1122.02; Maricopa County; Arizona","4405","825",
"1400000US04013112301","Census Tract 1123.01; Maricopa County; Arizona","5674","1199",
"1400000US04013112302","Census Tract 1123.02; Maricopa County; Arizona","6865","944",
"1400000US04013112401","Census Tract 1124.01; Maricopa County; Arizona","6162","1246",
"1400000US04013112402","Census Tract 1124.02; Maricopa County; Arizona","5801","1029",
"1400000US04013112502","Census Tract 1125.02; Maricopa County; Arizona","5499","779",
"1400000US04013112504","Census Tract 1125.04; Maricopa County; Arizona","3720","710",
"1400000US04013112507","Census Tract 1125.07; Maricopa County; Arizona","2954","870",
"1400000US04013112508","Census Tract 1125.08; Maricopa County; Arizona","2563","362",
"1400000US04013112510","Census Tract 1125.10; Maricopa County; Arizona","4600","584",
"1400000US04013112512","Census Tract 1125.12; Maricopa County; Arizona","807","200",
"1400000US04013112514","Census Tract 1125.14; Maricopa County; Arizona","4804","755",
"1400000US04013112515","Census Tract 1125.15; Maricopa County; Arizona","4765","602",
"1400000US04013112516","Census Tract 1125.16; Maricopa County; Arizona","4476","1229",
"1400000US04013112517","Census Tract 1125.17; Maricopa County; Arizona","5106","615",
"1400000US04013112518","Census Tract 1125.18; Maricopa County; Arizona","5416","1009",
"1400000US04013112519","Census Tract 1125.19; Maricopa County; Arizona","4611","1619",
"1400000US04013112520","Census Tract 1125.20; Maricopa County; Arizona","4415","588",
"1400000US04013112521","Census Tract 1125.21; Maricopa County; Arizona","3253","574",
"1400000US04013112522","Census Tract 1125.22; Maricopa County; Arizona","6576","1492",
"1400000US04013112523","Census Tract 1125.23; Maricopa County; Arizona","4192","993",
"1400000US04013112524","Census Tract 1125.24; Maricopa County; Arizona","5214","1303",
"1400000US04013112601","Census Tract 1126.01; Maricopa County; Arizona","3286","733",
"1400000US04013112602","Census Tract 1126.02; Maricopa County; Arizona","8475","1077",
"1400000US04013112700","Census Tract 1127; Maricopa County; Arizona","7563","744",
"1400000US04013112900","Census Tract 1129; Maricopa County; Arizona","4517","647",
"1400000US04013113000","Census Tract 1130; Maricopa County; Arizona","4262","837",
"1400000US04013113100","Census Tract 1131; Maricopa County; Arizona","6609","620",
"1400000US04013113201","Census Tract 1132.01; Maricopa County; Arizona","2106","384",
"1400000US04013113202","Census Tract 1132.02; Maricopa County; Arizona","2087","465",
"1400000US04013113204","Census Tract 1132.04; Maricopa County; Arizona","2383","367",
"1400000US04013113301","Census Tract 1133.01; Maricopa County; Arizona","3055","812",
"1400000US04013113502","Census Tract 1135.02; Maricopa County; Arizona","2775","424",
"1400000US04013113503","Census Tract 1135.03; Maricopa County; Arizona","4501","775",
"1400000US04013113601","Census Tract 1136.01; Maricopa County; Arizona","4299","962",
"1400000US04013113602","Census Tract 1136.02; Maricopa County; Arizona","4200","802",
"1400000US04013113701","Census Tract 1137.01; Maricopa County; Arizona","6136","1204",
"1400000US04013113702","Census Tract 1137.02; Maricopa County; Arizona","2389","672",
"1400000US04013113800","Census Tract 1138; Maricopa County; Arizona","2610","395",
"1400000US04013113900","Census Tract 1139; Maricopa County; Arizona","1330","382",
"1400000US04013114000","Census Tract 1140; Maricopa County; Arizona","1801","265",
"1400000US04013114100","Census Tract 1141; Maricopa County; Arizona","2605","256",
"1400000US04013114200","Census Tract 1142; Maricopa County; Arizona","938","169",
"1400000US04013114301","Census Tract 1143.01; Maricopa County; Arizona","911","471",
"1400000US04013114302","Census Tract 1143.02; Maricopa County; Arizona","2593","414",
"1400000US04013114401","Census Tract 1144.01; Maricopa County; Arizona","1640","338",
"1400000US04013114402","Census Tract 1144.02; Maricopa County; Arizona","1904","283",
"1400000US04013114500","Census Tract 1145; Maricopa County; Arizona","3840","543",
"1400000US04013114600","Census Tract 1146; Maricopa County; Arizona","1754","403",
"1400000US04013114704","Census Tract 1147.04; Maricopa County; Arizona","2019","303",
"1400000US04013114705","Census Tract 1147.05; Maricopa County; Arizona","3783","255",
"1400000US04013114800","Census Tract 1148; Maricopa County; Arizona","3031","549",
"1400000US04013114900","Census Tract 1149; Maricopa County; Arizona","3008","378",
"1400000US04013115200","Census Tract 1152; Maricopa County; Arizona","3545","604",
"1400000US04013115300","Census Tract 1153; Maricopa County; Arizona","2567","537",
"1400000US04013115400","Census Tract 1154; Maricopa County; Arizona","1706","360",
"1400000US04013115500","Census Tract 1155; Maricopa County; Arizona","3712","547",
"1400000US04013115600","Census Tract 1156; Maricopa County; Arizona","5137","812",
"1400000US04013115700","Census Tract 1157; Maricopa County; Arizona","7697","793",
"1400000US04013115801","Census Tract 1158.01; Maricopa County; Arizona","3754","410",
"1400000US04013115802","Census Tract 1158.02; Maricopa County; Arizona","3583","894",
"1400000US04013115900","Census Tract 1159; Maricopa County; Arizona","5849","952",
"1400000US04013116000","Census Tract 1160; Maricopa County; Arizona","6454","669",
"1400000US04013116100","Census Tract 1161; Maricopa County; Arizona","4721","668",
"1400000US04013116202","Census Tract 1162.02; Maricopa County; Arizona","4898","695",
"1400000US04013116203","Census Tract 1162.03; Maricopa County; Arizona","6851","1301",
"1400000US04013116204","Census Tract 1162.04; Maricopa County; Arizona","4239","1071",
"1400000US04013116205","Census Tract 1162.05; Maricopa County; Arizona","3765","562",
"1400000US04013116300","Census Tract 1163; Maricopa County; Arizona","6013","1172",
"1400000US04013116400","Census Tract 1164; Maricopa County; Arizona","5870","1246",
"1400000US04013116500","Census Tract 1165; Maricopa County; Arizona","4807","1180",
"1400000US04013116605","Census Tract 1166.05; Maricopa County; Arizona","7143","1155",
"1400000US04013116606","Census Tract 1166.06; Maricopa County; Arizona","6228","761",
"1400000US04013116607","Census Tract 1166.07; Maricopa County; Arizona","4119","458",
"1400000US04013116610","Census Tract 1166.10; Maricopa County; Arizona","7271","948",
"1400000US04013116611","Census Tract 1166.11; Maricopa County; Arizona","4338","711",
"1400000US04013116612","Census Tract 1166.12; Maricopa County; Arizona","7103","888",
"1400000US04013116614","Census Tract 1166.14; Maricopa County; Arizona","3619","689",
"1400000US04013116615","Census Tract 1166.15; Maricopa County; Arizona","4005","693",
"1400000US04013116616","Census Tract 1166.16; Maricopa County; Arizona","5103","871",
"1400000US04013116617","Census Tract 1166.17; Maricopa County; Arizona","3685","1069",
"1400000US04013116618","Census Tract 1166.18; Maricopa County; Arizona","5724","942",
"1400000US04013116619","Census Tract 1166.19; Maricopa County; Arizona","5575","564",
"1400000US04013116620","Census Tract 1166.20; Maricopa County; Arizona","8440","1084",
"1400000US04013116621","Census Tract 1166.21; Maricopa County; Arizona","6217","1316",
"1400000US04013116703","Census Tract 1167.03; Maricopa County; Arizona","5272","643",
"1400000US04013116707","Census Tract 1167.07; Maricopa County; Arizona","3157","471",
"1400000US04013116708","Census Tract 1167.08; Maricopa County; Arizona","5406","589",
"1400000US04013116709","Census Tract 1167.09; Maricopa County; Arizona","2987","516",
"1400000US04013116710","Census Tract 1167.10; Maricopa County; Arizona","5221","1186",
"1400000US04013116711","Census Tract 1167.11; Maricopa County; Arizona","2004","407",
"1400000US04013116712","Census Tract 1167.12; Maricopa County; Arizona","6922","796",
"1400000US04013116713","Census Tract 1167.13; Maricopa County; Arizona","5758","708",
"1400000US04013116714","Census Tract 1167.14; Maricopa County; Arizona","3580","507",
"1400000US04013116715","Census Tract 1167.15; Maricopa County; Arizona","1764","243",
"1400000US04013116717","Census Tract 1167.17; Maricopa County; Arizona","3438","395",
"1400000US04013116718","Census Tract 1167.18; Maricopa County; Arizona","2634","327",
"1400000US04013116719","Census Tract 1167.19; Maricopa County; Arizona","6749","1551",
"1400000US04013116720","Census Tract 1167.20; Maricopa County; Arizona","4122","651",
"1400000US04013116721","Census Tract 1167.21; Maricopa County; Arizona","3557","646",
"1400000US04013116725","Census Tract 1167.25; Maricopa County; Arizona","4999","939",
"1400000US04013116727","Census Tract 1167.27; Maricopa County; Arizona","3818","276",
"1400000US04013116728","Census Tract 1167.28; Maricopa County; Arizona","5392","1356",
"1400000US04013116729","Census Tract 1167.29; Maricopa County; Arizona","3793","308",
"1400000US04013116730","Census Tract 1167.30; Maricopa County; Arizona","1827","186",
"1400000US04013116731","Census Tract 1167.31; Maricopa County; Arizona","3497","491",
"1400000US04013116732","Census Tract 1167.32; Maricopa County; Arizona","4214","576",
"1400000US04013116733","Census Tract 1167.33; Maricopa County; Arizona","8","11",
"1400000US04013116734","Census Tract 1167.34; Maricopa County; Arizona","1488","203",
"1400000US04013116735","Census Tract 1167.35; Maricopa County; Arizona","2988","498",
"1400000US04013116736","Census Tract 1167.36; Maricopa County; Arizona","3387","1023",
"1400000US04013116737","Census Tract 1167.37; Maricopa County; Arizona","3540","486",
"1400000US04013116738","Census Tract 1167.38; Maricopa County; Arizona","6603","1039",
"1400000US04013116800","Census Tract 1168; Maricopa County; Arizona","2447","676",
"1400000US04013116900","Census Tract 1169; Maricopa County; Arizona","2763","414",
"1400000US04013117000","Census Tract 1170; Maricopa County; Arizona","6417","1143",
"1400000US04013117100","Census Tract 1171; Maricopa County; Arizona","3029","470",
"1400000US04013117200","Census Tract 1172; Maricopa County; Arizona","1125","303",
"1400000US04013117300","Census Tract 1173; Maricopa County; Arizona","2283","487",
"1400000US04013216806","Census Tract 2168.06; Maricopa County; Arizona","3104","325",
"1400000US04013216807","Census Tract 2168.07; Maricopa County; Arizona","5085","659",
"1400000US04013216809","Census Tract 2168.09; Maricopa County; Arizona","4601","507",
"1400000US04013216810","Census Tract 2168.10; Maricopa County; Arizona","1679","221",
"1400000US04013216813","Census Tract 2168.13; Maricopa County; Arizona","4442","537",
"1400000US04013216816","Census Tract 2168.16; Maricopa County; Arizona","6505","712",
"1400000US04013216819","Census Tract 2168.19; Maricopa County; Arizona","6546","1086",
"1400000US04013216820","Census Tract 2168.20; Maricopa County; Arizona","4284","608",
"1400000US04013216821","Census Tract 2168.21; Maricopa County; Arizona","5673","566",
"1400000US04013216822","Census Tract 2168.22; Maricopa County; Arizona","4835","1038",
"1400000US04013216826","Census Tract 2168.26; Maricopa County; Arizona","4999","624",
"1400000US04013216829","Census Tract 2168.29; Maricopa County; Arizona","5565","694",
"1400000US04013216830","Census Tract 2168.30; Maricopa County; Arizona","3036","555",
"1400000US04013216831","Census Tract 2168.31; Maricopa County; Arizona","2505","402",
"1400000US04013216832","Census Tract 2168.32; Maricopa County; Arizona","2551","366",
"1400000US04013216833","Census Tract 2168.33; Maricopa County; Arizona","3869","493",
"1400000US04013216834","Census Tract 2168.34; Maricopa County; Arizona","3320","1110",
"1400000US04013216835","Census Tract 2168.35; Maricopa County; Arizona","2422","339",
"1400000US04013216836","Census Tract 2168.36; Maricopa County; Arizona","3763","591",
"1400000US04013216837","Census Tract 2168.37; Maricopa County; Arizona","4786","771",
"1400000US04013216838","Census Tract 2168.38; Maricopa County; Arizona","5639","862",
"1400000US04013216839","Census Tract 2168.39; Maricopa County; Arizona","3852","423",
"1400000US04013216840","Census Tract 2168.40; Maricopa County; Arizona","5598","921",
"1400000US04013216841","Census Tract 2168.41; Maricopa County; Arizona","4335","360",
"1400000US04013216842","Census Tract 2168.42; Maricopa County; Arizona","3698","449",
"1400000US04013216843","Census Tract 2168.43; Maricopa County; Arizona","3716","412",
"1400000US04013216844","Census Tract 2168.44; Maricopa County; Arizona","4030","649",
"1400000US04013216845","Census Tract 2168.45; Maricopa County; Arizona","3040","357",
"1400000US04013216849","Census Tract 2168.49; Maricopa County; Arizona","6298","822",
"1400000US04013216850","Census Tract 2168.50; Maricopa County; Arizona","5160","983",
"1400000US04013216851","Census Tract 2168.51; Maricopa County; Arizona","4261","663",
"1400000US04013216852","Census Tract 2168.52; Maricopa County; Arizona","3189","397",
"1400000US04013216853","Census Tract 2168.53; Maricopa County; Arizona","5389","973",
"1400000US04013216854","Census Tract 2168.54; Maricopa County; Arizona","4344","412",
"1400000US04013216855","Census Tract 2168.55; Maricopa County; Arizona","3903","480",
"1400000US04013216856","Census Tract 2168.56; Maricopa County; Arizona","2621","435",
"1400000US04013216857","Census Tract 2168.57; Maricopa County; Arizona","4644","686",
"1400000US04013216858","Census Tract 2168.58; Maricopa County; Arizona","0","14",
"1400000US04013216859","Census Tract 2168.59; Maricopa County; Arizona","7179","1050",
"1400000US04013216860","Census Tract 2168.60; Maricopa County; Arizona","2549","429",
"1400000US04013216861","Census Tract 2168.61; Maricopa County; Arizona","4307","609",
"1400000US04013216901","Census Tract 2169.01; Maricopa County; Arizona","3449","609",
"1400000US04013216902","Census Tract 2169.02; Maricopa County; Arizona","3387","515",
"1400000US04013217001","Census Tract 2170.01; Maricopa County; Arizona","4411","835",
"1400000US04013217002","Census Tract 2170.02; Maricopa County; Arizona","4409","635",
"1400000US04013217101","Census Tract 2171.01; Maricopa County; Arizona","2434","288",
"1400000US04013217102","Census Tract 2171.02; Maricopa County; Arizona","2917","482",
"1400000US04013217201","Census Tract 2172.01; Maricopa County; Arizona","2179","332",
"1400000US04013217203","Census Tract 2172.03; Maricopa County; Arizona","3927","739",
"1400000US04013217204","Census Tract 2172.04; Maricopa County; Arizona","2922","415",
"1400000US04013217300","Census Tract 2173; Maricopa County; Arizona","4669","695",
"1400000US04013217400","Census Tract 2174; Maricopa County; Arizona","3461","416",
"1400000US04013217501","Census Tract 2175.01; Maricopa County; Arizona","3273","765",
"1400000US04013217502","Census Tract 2175.02; Maricopa County; Arizona","3894","503",
"1400000US04013217600","Census Tract 2176; Maricopa County; Arizona","4553","582",
"1400000US04013217700","Census Tract 2177; Maricopa County; Arizona","4495","711",
"1400000US04013217800","Census Tract 2178; Maricopa County; Arizona","5861","1017",
"1400000US04013217900","Census Tract 2179; Maricopa County; Arizona","3846","516",
"1400000US04013218000","Census Tract 2180; Maricopa County; Arizona","5134","769",
"1400000US04013218100","Census Tract 2181; Maricopa County; Arizona","2206","321",
"1400000US04013218200","Census Tract 2182; Maricopa County; Arizona","6914","1160",
"1400000US04013218300","Census Tract 2183; Maricopa County; Arizona","4329","505",
"1400000US04013318400","Census Tract 3184; Maricopa County; Arizona","5608","1023",
"1400000US04013318501","Census Tract 3185.01; Maricopa County; Arizona","3707","505",
"1400000US04013318700","Census Tract 3187; Maricopa County; Arizona","5644","666",
"1400000US04013318800","Census Tract 3188; Maricopa County; Arizona","7898","1387",
"1400000US04013318900","Census Tract 3189; Maricopa County; Arizona","6428","980",
"1400000US04013319001","Census Tract 3190.01; Maricopa County; Arizona","3727","64",
"1400000US04013319002","Census Tract 3190.02; Maricopa County; Arizona","5217","432",
"1400000US04013319101","Census Tract 3191.01; Maricopa County; Arizona","3644","449",
"1400000US04013319103","Census Tract 3191.03; Maricopa County; Arizona","5031","794",
"1400000US04013319104","Census Tract 3191.04; Maricopa County; Arizona","7229","1170",
"1400000US04013319201","Census Tract 3192.01; Maricopa County; Arizona","7571","874",
"1400000US04013319202","Census Tract 3192.02; Maricopa County; Arizona","3773","538",
"1400000US04013319300","Census Tract 3193; Maricopa County; Arizona","2322","433",
"1400000US04013319401","Census Tract 3194.01; Maricopa County; Arizona","6767","1043",
"1400000US04013319402","Census Tract 3194.02; Maricopa County; Arizona","4096","603",
"1400000US04013319403","Census Tract 3194.03; Maricopa County; Arizona","4713","731",
"1400000US04013319404","Census Tract 3194.04; Maricopa County; Arizona","3469","323",
"1400000US04013319500","Census Tract 3195; Maricopa County; Arizona","6553","869",
"1400000US04013319600","Census Tract 3196; Maricopa County; Arizona","5865","990",
"1400000US04013319705","Census Tract 3197.05; Maricopa County; Arizona","3988","1036",
"1400000US04013319706","Census Tract 3197.06; Maricopa County; Arizona","5634","763",
"1400000US04013319707","Census Tract 3197.07; Maricopa County; Arizona","0","14",
"1400000US04013319708","Census Tract 3197.08; Maricopa County; Arizona","4243","535",
"1400000US04013319709","Census Tract 3197.09; Maricopa County; Arizona","0","14",
"1400000US04013319710","Census Tract 3197.10; Maricopa County; Arizona","2430","397",
"1400000US04013319801","Census Tract 3198.01; Maricopa County; Arizona","3023","356",
"1400000US04013319802","Census Tract 3198.02; Maricopa County; Arizona","3662","762",
"1400000US04013319902","Census Tract 3199.02; Maricopa County; Arizona","2770","598",
"1400000US04013319903","Census Tract 3199.03; Maricopa County; Arizona","5367","604",
"1400000US04013319904","Census Tract 3199.04; Maricopa County; Arizona","5060","803",
"1400000US04013319905","Census Tract 3199.05; Maricopa County; Arizona","4729","449",
"1400000US04013319906","Census Tract 3199.06; Maricopa County; Arizona","3232","419",
"1400000US04013319907","Census Tract 3199.07; Maricopa County; Arizona","2485","347",
"1400000US04013319908","Census Tract 3199.08; Maricopa County; Arizona","2243","353",
"1400000US04013319909","Census Tract 3199.09; Maricopa County; Arizona","2539","380",
"1400000US04013319910","Census Tract 3199.10; Maricopa County; Arizona","4764","574",
"1400000US04013320001","Census Tract 3200.01; Maricopa County; Arizona","8742","1117",
"1400000US04013320002","Census Tract 3200.02; Maricopa County; Arizona","5293","22",
"1400000US04013320007","Census Tract 3200.07; Maricopa County; Arizona","7026","858",
"1400000US04013320100","Census Tract 3201; Maricopa County; Arizona","3977","524",
"1400000US04013420104","Census Tract 4201.04; Maricopa County; Arizona","5495","484",
"1400000US04013420105","Census Tract 4201.05; Maricopa County; Arizona","6203","698",
"1400000US04013420107","Census Tract 4201.07; Maricopa County; Arizona","6893","1772",
"1400000US04013420108","Census Tract 4201.08; Maricopa County; Arizona","1701","470",
"1400000US04013420109","Census Tract 4201.09; Maricopa County; Arizona","5925","693",
"1400000US04013420110","Census Tract 4201.10; Maricopa County; Arizona","5937","806",
"1400000US04013420111","Census Tract 4201.11; Maricopa County; Arizona","4379","717",
"1400000US04013420112","Census Tract 4201.12; Maricopa County; Arizona","3205","538",
"1400000US04013420113","Census Tract 4201.13; Maricopa County; Arizona","3338","333",
"1400000US04013420114","Census Tract 4201.14; Maricopa County; Arizona","3742","504",
"1400000US04013420115","Census Tract 4201.15; Maricopa County; Arizona","2932","358",
"1400000US04013420116","Census Tract 4201.16; Maricopa County; Arizona","3313","553",
"1400000US04013420202","Census Tract 4202.02; Maricopa County; Arizona","5527","737",
"1400000US04013420206","Census Tract 4202.06; Maricopa County; Arizona","3754","476",
"1400000US04013420207","Census Tract 4202.07; Maricopa County; Arizona","2708","663",
"1400000US04013420208","Census Tract 4202.08; Maricopa County; Arizona","5855","664",
"1400000US04013420209","Census Tract 4202.09; Maricopa County; Arizona","4137","422",
"1400000US04013420210","Census Tract 4202.10; Maricopa County; Arizona","5324","605",
"1400000US04013420211","Census Tract 4202.11; Maricopa County; Arizona","4484","525",
"1400000US04013420212","Census Tract 4202.12; Maricopa County; Arizona","2791","359",
"1400000US04013420213","Census Tract 4202.13; Maricopa County; Arizona","1997","243",
"1400000US04013420214","Census Tract 4202.14; Maricopa County; Arizona","4667","655",
"1400000US04013420215","Census Tract 4202.15; Maricopa County; Arizona","3558","693",
"1400000US04013420216","Census Tract 4202.16; Maricopa County; Arizona","3773","401",
"1400000US04013420301","Census Tract 4203.01; Maricopa County; Arizona","1844","161",
"1400000US04013420302","Census Tract 4203.02; Maricopa County; Arizona","4873","972",
"1400000US04013420303","Census Tract 4203.03; Maricopa County; Arizona","4631","730",
"1400000US04013420304","Census Tract 4203.04; Maricopa County; Arizona","838","182",
"1400000US04013420401","Census Tract 4204.01; Maricopa County; Arizona","3982","689",
"1400000US04013420402","Census Tract 4204.02; Maricopa County; Arizona","4891","457",
"1400000US04013420503","Census Tract 4205.03; Maricopa County; Arizona","3464","973",
"1400000US04013420504","Census Tract 4205.04; Maricopa County; Arizona","3653","473",
"1400000US04013420505","Census Tract 4205.05; Maricopa County; Arizona","2962","625",
"1400000US04013420506","Census Tract 4205.06; Maricopa County; Arizona","3325","642",
"1400000US04013420602","Census Tract 4206.02; Maricopa County; Arizona","4763","576",
"1400000US04013420603","Census Tract 4206.03; Maricopa County; Arizona","4090","769",
"1400000US04013420604","Census Tract 4206.04; Maricopa County; Arizona","5175","604",
"1400000US04013420704","Census Tract 4207.04; Maricopa County; Arizona","5594","1415",
"1400000US04013420705","Census Tract 4207.05; Maricopa County; Arizona","3470","702",
"1400000US04013420706","Census Tract 4207.06; Maricopa County; Arizona","5167","645",
"1400000US04013420707","Census Tract 4207.07; Maricopa County; Arizona","2078","376",
"1400000US04013420708","Census Tract 4207.08; Maricopa County; Arizona","3612","522",
"1400000US04013420709","Census Tract 4207.09; Maricopa County; Arizona","3203","452",
"1400000US04013420710","Census Tract 4207.10; Maricopa County; Arizona","3296","392",
"1400000US04013420800","Census Tract 4208; Maricopa County; Arizona","5244","740",
"1400000US04013420901","Census Tract 4209.01; Maricopa County; Arizona","3062","486",
"1400000US04013420902","Census Tract 4209.02; Maricopa County; Arizona","4042","787",
"1400000US04013421001","Census Tract 4210.01; Maricopa County; Arizona","4004","509",
"1400000US04013421002","Census Tract 4210.02; Maricopa County; Arizona","3227","529",
"1400000US04013421101","Census Tract 4211.01; Maricopa County; Arizona","5101","750",
"1400000US04013421102","Census Tract 4211.02; Maricopa County; Arizona","6568","943",
"1400000US04013421201","Census Tract 4212.01; Maricopa County; Arizona","5678","893",
"1400000US04013421202","Census Tract 4212.02; Maricopa County; Arizona","3589","414",
"1400000US04013421302","Census Tract 4213.02; Maricopa County; Arizona","6002","1099",
"1400000US04013421303","Census Tract 4213.03; Maricopa County; Arizona","5341","564",
"1400000US04013421304","Census Tract 4213.04; Maricopa County; Arizona","3805","706",
"1400000US04013421400","Census Tract 4214; Maricopa County; Arizona","2750","402",
"1400000US04013421501","Census Tract 4215.01; Maricopa County; Arizona","4494","869",
"1400000US04013421502","Census Tract 4215.02; Maricopa County; Arizona","3570","483",
"1400000US04013421601","Census Tract 4216.01; Maricopa County; Arizona","2793","437",
"1400000US04013421602","Census Tract 4216.02; Maricopa County; Arizona","4528","663",
"1400000US04013421701","Census Tract 4217.01; Maricopa County; Arizona","5553","842",
"1400000US04013421702","Census Tract 4217.02; Maricopa County; Arizona","3633","408",
"1400000US04013421801","Census Tract 4218.01; Maricopa County; Arizona","2854","501",
"1400000US04013421802","Census Tract 4218.02; Maricopa County; Arizona","4484","729",
"1400000US04013421901","Census Tract 4219.01; Maricopa County; Arizona","4430","1009",
"1400000US04013421902","Census Tract 4219.02; Maricopa County; Arizona","6427","999",
"1400000US04013422001","Census Tract 4220.01; Maricopa County; Arizona","4392","912",
"1400000US04013422002","Census Tract 4220.02; Maricopa County; Arizona","3821","459",
"1400000US04013422102","Census Tract 4221.02; Maricopa County; Arizona","4349","715",
"1400000US04013422103","Census Tract 4221.03; Maricopa County; Arizona","4973","624",
"1400000US04013422104","Census Tract 4221.04; Maricopa County; Arizona","5825","905",
"1400000US04013422105","Census Tract 4221.05; Maricopa County; Arizona","3150","632",
"1400000US04013422106","Census Tract 4221.06; Maricopa County; Arizona","6690","1300",
"1400000US04013422107","Census Tract 4221.07; Maricopa County; Arizona","4247","1084",
"1400000US04013422203","Census Tract 4222.03; Maricopa County; Arizona","5527","650",
"1400000US04013422209","Census Tract 4222.09; Maricopa County; Arizona","7665","961",
"1400000US04013422210","Census Tract 4222.10; Maricopa County; Arizona","5813","1065",
"1400000US04013422211","Census Tract 4222.11; Maricopa County; Arizona","2776","463",
"1400000US04013422212","Census Tract 4222.12; Maricopa County; Arizona","4023","378",
"1400000US04013422213","Census Tract 4222.13; Maricopa County; Arizona","2482","201",
"1400000US04013422215","Census Tract 4222.15; Maricopa County; Arizona","2281","403",
"1400000US04013422216","Census Tract 4222.16; Maricopa County; Arizona","5532","541",
"1400000US04013422217","Census Tract 4222.17; Maricopa County; Arizona","3552","488",
"1400000US04013422218","Census Tract 4222.18; Maricopa County; Arizona","2904","478",
"1400000US04013422219","Census Tract 4222.19; Maricopa County; Arizona","3703","576",
"1400000US04013422220","Census Tract 4222.20; Maricopa County; Arizona","1967","208",
"1400000US04013422221","Census Tract 4222.21; Maricopa County; Arizona","4061","642",
"1400000US04013422222","Census Tract 4222.22; Maricopa County; Arizona","2201","375",
"1400000US04013422223","Census Tract 4222.23; Maricopa County; Arizona","3051","388",
"1400000US04013422224","Census Tract 4222.24; Maricopa County; Arizona","0","14",
"1400000US04013422225","Census Tract 4222.25; Maricopa County; Arizona","0","14",
"1400000US04013422226","Census Tract 4222.26; Maricopa County; Arizona","0","14",
"1400000US04013422227","Census Tract 4222.27; Maricopa County; Arizona","1765","327",
"1400000US04013422301","Census Tract 4223.01; Maricopa County; Arizona","5925","694",
"1400000US04013422302","Census Tract 4223.02; Maricopa County; Arizona","5332","789",
"1400000US04013422304","Census Tract 4223.04; Maricopa County; Arizona","2688","466",
"1400000US04013422305","Census Tract 4223.05; Maricopa County; Arizona","6471","792",
"1400000US04013422307","Census Tract 4223.07; Maricopa County; Arizona","4233","447",
"1400000US04013422308","Census Tract 4223.08; Maricopa County; Arizona","5164","633",
"1400000US04013422309","Census Tract 4223.09; Maricopa County; Arizona","5223","728",
"1400000US04013422401","Census Tract 4224.01; Maricopa County; Arizona","4026","484",
"1400000US04013422402","Census Tract 4224.02; Maricopa County; Arizona","5182","658",
"1400000US04013422403","Census Tract 4224.03; Maricopa County; Arizona","4536","554",
"1400000US04013422404","Census Tract 4224.04; Maricopa County; Arizona","4410","550",
"1400000US04013422501","Census Tract 4225.01; Maricopa County; Arizona","6086","844",
"1400000US04013422502","Census Tract 4225.02; Maricopa County; Arizona","6292","772",
"1400000US04013422503","Census Tract 4225.03; Maricopa County; Arizona","6067","823",
"1400000US04013422504","Census Tract 4225.04; Maricopa County; Arizona","5266","800",
"1400000US04013422506","Census Tract 4225.06; Maricopa County; Arizona","5371","613",
"1400000US04013422507","Census Tract 4225.07; Maricopa County; Arizona","4027","624",
"1400000US04013422508","Census Tract 4225.08; Maricopa County; Arizona","3784","858",
"1400000US04013422509","Census Tract 4225.09; Maricopa County; Arizona","4999","517",
"1400000US04013422510","Census Tract 4225.10; Maricopa County; Arizona","2864","623",
"1400000US04013422511","Census Tract 4225.11; Maricopa County; Arizona","2852","442",
"1400000US04013422512","Census Tract 4225.12; Maricopa County; Arizona","5387","1043",
"1400000US04013422513","Census Tract 4225.13; Maricopa County; Arizona","5085","789",
"1400000US04013422514","Census Tract 4225.14; Maricopa County; Arizona","4813","481",
"1400000US04013422607","Census Tract 4226.07; Maricopa County; Arizona","4005","436",
"1400000US04013422609","Census Tract 4226.09; Maricopa County; Arizona","4389","484",
"1400000US04013422610","Census Tract 4226.10; Maricopa County; Arizona","2963","316",
"1400000US04013422615","Census Tract 4226.15; Maricopa County; Arizona","7315","1103",
"1400000US04013422617","Census Tract 4226.17; Maricopa County; Arizona","5655","613",
"1400000US04013422618","Census Tract 4226.18; Maricopa County; Arizona","3005","402",
"1400000US04013422620","Census Tract 4226.20; Maricopa County; Arizona","3163","411",
"1400000US04013422621","Census Tract 4226.21; Maricopa County; Arizona","4511","393",
"1400000US04013422622","Census Tract 4226.22; Maricopa County; Arizona","4320","938",
"1400000US04013422623","Census Tract 4226.23; Maricopa County; Arizona","8477","1435",
"1400000US04013422624","Census Tract 4226.24; Maricopa County; Arizona","2780","390",
"1400000US04013422625","Census Tract 4226.25; Maricopa County; Arizona","5015","772",
"1400000US04013422626","Census Tract 4226.26; Maricopa County; Arizona","2626","414",
"1400000US04013422627","Census Tract 4226.27; Maricopa County; Arizona","3484","513",
"1400000US04013422628","Census Tract 4226.28; Maricopa County; Arizona","3972","744",
"1400000US04013422629","Census Tract 4226.29; Maricopa County; Arizona","4049","862",
"1400000US04013422630","Census Tract 4226.30; Maricopa County; Arizona","5007","1074",
"1400000US04013422632","Census Tract 4226.32; Maricopa County; Arizona","3979","520",
"1400000US04013422633","Census Tract 4226.33; Maricopa County; Arizona","2821","479",
"1400000US04013422634","Census Tract 4226.34; Maricopa County; Arizona","5432","548",
"1400000US04013422636","Census Tract 4226.36; Maricopa County; Arizona","3782","456",
"1400000US04013422637","Census Tract 4226.37; Maricopa County; Arizona","3456","639",
"1400000US04013422638","Census Tract 4226.38; Maricopa County; Arizona","3911","508",
"1400000US04013422639","Census Tract 4226.39; Maricopa County; Arizona","3721","571",
"1400000US04013422640","Census Tract 4226.40; Maricopa County; Arizona","4975","444",
"1400000US04013422642","Census Tract 4226.42; Maricopa County; Arizona","5528","759",
"1400000US04013422643","Census Tract 4226.43; Maricopa County; Arizona","5831","810",
"1400000US04013422647","Census Tract 4226.47; Maricopa County; Arizona","10041","711",
"1400000US04013422648","Census Tract 4226.48; Maricopa County; Arizona","6197","1355",
"1400000US04013422649","Census Tract 4226.49; Maricopa County; Arizona","7317","1645",
"1400000US04013422650","Census Tract 4226.50; Maricopa County; Arizona","2764","433",
"1400000US04013422651","Census Tract 4226.51; Maricopa County; Arizona","5054","567",
"1400000US04013422652","Census Tract 4226.52; Maricopa County; Arizona","2549","389",
"1400000US04013422653","Census Tract 4226.53; Maricopa County; Arizona","4627","466",
"1400000US04013422654","Census Tract 4226.54; Maricopa County; Arizona","5686","464",
"1400000US04013422655","Census Tract 4226.55; Maricopa County; Arizona","3612","770",
"1400000US04013422656","Census Tract 4226.56; Maricopa County; Arizona","5473","1345",
"1400000US04013422657","Census Tract 4226.57; Maricopa County; Arizona","3564","346",
"1400000US04013422658","Census Tract 4226.58; Maricopa County; Arizona","4388","808",
"1400000US04013422659","Census Tract 4226.59; Maricopa County; Arizona","1701","274",
"1400000US04013422660","Census Tract 4226.60; Maricopa County; Arizona","5332","602",
"1400000US04013522801","Census Tract 5228.01; Maricopa County; Arizona","57","65",
"1400000US04013522802","Census Tract 5228.02; Maricopa County; Arizona","1084","174",
"1400000US04013522901","Census Tract 5229.01; Maricopa County; Arizona","5107","801",
"1400000US04013522903","Census Tract 5229.03; Maricopa County; Arizona","5365","689",
"1400000US04013522904","Census Tract 5229.04; Maricopa County; Arizona","4987","526",
"1400000US04013523002","Census Tract 5230.02; Maricopa County; Arizona","5778","913",
"1400000US04013523005","Census Tract 5230.05; Maricopa County; Arizona","5251","741",
"1400000US04013523006","Census Tract 5230.06; Maricopa County; Arizona","5812","1205",
"1400000US04013523007","Census Tract 5230.07; Maricopa County; Arizona","2897","488",
"1400000US04013523008","Census Tract 5230.08; Maricopa County; Arizona","3502","400",
"1400000US04013523102","Census Tract 5231.02; Maricopa County; Arizona","6197","787",
"1400000US04013523103","Census Tract 5231.03; Maricopa County; Arizona","6230","856",
"1400000US04013523104","Census Tract 5231.04; Maricopa County; Arizona","6706","1090",
"1400000US04013610001","Census Tract 6100.01; Maricopa County; Arizona","2437","525",
"1400000US04013610002","Census Tract 6100.02; Maricopa County; Arizona","6753","589",
"1400000US04013610100","Census Tract 6101; Maricopa County; Arizona","713","191",
"1400000US04013610201","Census Tract 6102.01; Maricopa County; Arizona","4432","573",
"1400000US04013610202","Census Tract 6102.02; Maricopa County; Arizona","3091","432",
"1400000US04013610301","Census Tract 6103.01; Maricopa County; Arizona","3369","352",
"1400000US04013610302","Census Tract 6103.02; Maricopa County; Arizona","5966","1493",
"1400000US04013610400","Census Tract 6104; Maricopa County; Arizona","5764","840",
"1400000US04013610500","Census Tract 6105; Maricopa County; Arizona","7773","1081",
"1400000US04013610600","Census Tract 6106; Maricopa County; Arizona","5980","998",
"1400000US04013610700","Census Tract 6107; Maricopa County; Arizona","8174","1057",
"1400000US04013610800","Census Tract 6108; Maricopa County; Arizona","7208","624",
"1400000US04013610901","Census Tract 6109.01; Maricopa County; Arizona","6415","1914",
"1400000US04013610902","Census Tract 6109.02; Maricopa County; Arizona","4093","385",
"1400000US04013610903","Census Tract 6109.03; Maricopa County; Arizona","3472","330",
"1400000US04013611000","Census Tract 6110; Maricopa County; Arizona","3586","345",
"1400000US04013611100","Census Tract 6111; Maricopa County; Arizona","4178","548",
"1400000US04013611200","Census Tract 6112; Maricopa County; Arizona","7283","884",
"1400000US04013611300","Census Tract 6113; Maricopa County; Arizona","7143","815",
"1400000US04013611400","Census Tract 6114; Maricopa County; Arizona","6818","896",
"1400000US04013611500","Census Tract 6115; Maricopa County; Arizona","7884","1066",
"1400000US04013611600","Census Tract 6116; Maricopa County; Arizona","3100","390",
"1400000US04013611700","Census Tract 6117; Maricopa County; Arizona","6290","789",
"1400000US04013611800","Census Tract 6118; Maricopa County; Arizona","7057","739",
"1400000US04013611900","Census Tract 6119; Maricopa County; Arizona","3423","403",
"1400000US04013612000","Census Tract 6120; Maricopa County; Arizona","4344","468",
"1400000US04013612200","Census Tract 6122; Maricopa County; Arizona","7629","722",
"1400000US04013612301","Census Tract 6123.01; Maricopa County; Arizona","4784","770",
"1400000US04013612302","Census Tract 6123.02; Maricopa County; Arizona","4900","690",
"1400000US04013612401","Census Tract 6124.01; Maricopa County; Arizona","4196","459",
"1400000US04013612402","Census Tract 6124.02; Maricopa County; Arizona","4979","1012",
"1400000US04013612500","Census Tract 6125; Maricopa County; Arizona","4322","495",
"1400000US04013612600","Census Tract 6126; Maricopa County; Arizona","2151","431",
"1400000US04013612700","Census Tract 6127; Maricopa County; Arizona","2223","206",
"1400000US04013612800","Census Tract 6128; Maricopa County; Arizona","2413","291",
"1400000US04013612900","Census Tract 6129; Maricopa County; Arizona","2720","292",
"1400000US04013613000","Census Tract 6130; Maricopa County; Arizona","6096","693",
"1400000US04013613100","Census Tract 6131; Maricopa County; Arizona","2992","388",
"1400000US04013613200","Census Tract 6132; Maricopa County; Arizona","4060","552",
"1400000US04013613300","Census Tract 6133; Maricopa County; Arizona","7284","1126",
"1400000US04013613400","Census Tract 6134; Maricopa County; Arizona","4008","544",
"1400000US04013613500","Census Tract 6135; Maricopa County; Arizona","4773","806",
"1400000US04013613601","Census Tract 6136.01; Maricopa County; Arizona","3598","292",
"1400000US04013613602","Census Tract 6136.02; Maricopa County; Arizona","6413","746",
"1400000US04013613700","Census Tract 6137; Maricopa County; Arizona","5898","610",
"1400000US04013613800","Census Tract 6138; Maricopa County; Arizona","4403","640",
"1400000US04013613900","Census Tract 6139; Maricopa County; Arizona","6170","834",
"1400000US04013614000","Census Tract 6140; Maricopa County; Arizona","4211","411",
"1400000US04013614100","Census Tract 6141; Maricopa County; Arizona","6846","879",
"1400000US04013614200","Census Tract 6142; Maricopa County; Arizona","4600","402",
"1400000US04013614300","Census Tract 6143; Maricopa County; Arizona","2960","396",
"1400000US04013614400","Census Tract 6144; Maricopa County; Arizona","3889","598",
"1400000US04013614500","Census Tract 6145; Maricopa County; Arizona","4426","867",
"1400000US04013614601","Census Tract 6146.01; Maricopa County; Arizona","3220","383",
"1400000US04013614602","Census Tract 6146.02; Maricopa County; Arizona","3786","963",
"1400000US04013614700","Census Tract 6147; Maricopa County; Arizona","3309","570",
"1400000US04013614800","Census Tract 6148; Maricopa County; Arizona","4374","554",
"1400000US04013614900","Census Tract 6149; Maricopa County; Arizona","3863","478",
"1400000US04013615001","Census Tract 6150.01; Maricopa County; Arizona","7246","842",
"1400000US04013615002","Census Tract 6150.02; Maricopa County; Arizona","4841","411",
"1400000US04013615100","Census Tract 6151; Maricopa County; Arizona","4691","490",
"1400000US04013615201","Census Tract 6152.01; Maricopa County; Arizona","6758","1150",
"1400000US04013615202","Census Tract 6152.02; Maricopa County; Arizona","4071","614",
"1400000US04013615300","Census Tract 6153; Maricopa County; Arizona","2412","348",
"1400000US04013615400","Census Tract 6154; Maricopa County; Arizona","2989","303",
"1400000US04013615500","Census Tract 6155; Maricopa County; Arizona","2873","313",
"1400000US04013615600","Census Tract 6156; Maricopa County; Arizona","3389","497",
"1400000US04013615700","Census Tract 6157; Maricopa County; Arizona","3016","679",
"1400000US04013615800","Census Tract 6158; Maricopa County; Arizona","4879","507",
"1400000US04013615900","Census Tract 6159; Maricopa County; Arizona","4444","615",
"1400000US04013616000","Census Tract 6160; Maricopa County; Arizona","2359","328",
"1400000US04013616100","Census Tract 6161; Maricopa County; Arizona","3936","667",
"1400000US04013616200","Census Tract 6162; Maricopa County; Arizona","3662","488",
"1400000US04013616300","Census Tract 6163; Maricopa County; Arizona","1892","258",
"1400000US04013616400","Census Tract 6164; Maricopa County; Arizona","6618","836",
"1400000US04013616500","Census Tract 6165; Maricopa County; Arizona","3685","578",
"1400000US04013616600","Census Tract 6166; Maricopa County; Arizona","6000","900",
"1400000US04013616700","Census Tract 6167; Maricopa County; Arizona","4956","973",
"1400000US04013616800","Census Tract 6168; Maricopa County; Arizona","6227","959",
"1400000US04013616900","Census Tract 6169; Maricopa County; Arizona","4735","495",
"1400000US04013617001","Census Tract 6170.01; Maricopa County; Arizona","0","14",
"1400000US04013617002","Census Tract 6170.02; Maricopa County; Arizona","6159","810",
"1400000US04013617100","Census Tract 6171; Maricopa County; Arizona","2245","275",
"1400000US04013617200","Census Tract 6172; Maricopa County; Arizona","2639","506",
"1400000US04013617300","Census Tract 6173; Maricopa County; Arizona","2950","405",
"1400000US04013617400","Census Tract 6174; Maricopa County; Arizona","7097","849",
"1400000US04013617500","Census Tract 6175; Maricopa County; Arizona","3785","490",
"1400000US04013617600","Census Tract 6176; Maricopa County; Arizona","5883","789",
"1400000US04013617700","Census Tract 6177; Maricopa County; Arizona","3276","576",
"1400000US04013617800","Census Tract 6178; Maricopa County; Arizona","2650","315",
"1400000US04013617900","Census Tract 6179; Maricopa County; Arizona","2938","671",
"1400000US04013618000","Census Tract 6180; Maricopa County; Arizona","4187","569",
"1400000US04013618100","Census Tract 6181; Maricopa County; Arizona","4501","606",
"1400000US04013618200","Census Tract 6182; Maricopa County; Arizona","3992","525",
"1400000US04013618300","Census Tract 6183; Maricopa County; Arizona","2871","425",
"1400000US04013618400","Census Tract 6184; Maricopa County; Arizona","4049","688",
"1400000US04013618500","Census Tract 6185; Maricopa County; Arizona","4210","698",
"1400000US04013618600","Census Tract 6186; Maricopa County; Arizona","4879","843",
"1400000US04013618700","Census Tract 6187; Maricopa County; Arizona","2939","437",
"1400000US04013618800","Census Tract 6188; Maricopa County; Arizona","5919","956",
"1400000US04013618900","Census Tract 6189; Maricopa County; Arizona","7323","628",
"1400000US04013619000","Census Tract 6190; Maricopa County; Arizona","2783","443",
"1400000US04013619100","Census Tract 6191; Maricopa County; Arizona","3538","786",
"1400000US04013619200","Census Tract 6192; Maricopa County; Arizona","6347","843",
"1400000US04013619300","Census Tract 6193; Maricopa County; Arizona","4492","615",
"1400000US04013619400","Census Tract 6194; Maricopa County; Arizona","4653","726",
"1400000US04013619500","Census Tract 6195; Maricopa County; Arizona","5882","996",
"1400000US04013619601","Census Tract 6196.01; Maricopa County; Arizona","0","14",
"1400000US04013619602","Census Tract 6196.02; Maricopa County; Arizona","1901","250",
"1400000US04013619700","Census Tract 6197; Maricopa County; Arizona","3193","626",
"1400000US04013619800","Census Tract 6198; Maricopa County; Arizona","4809","738",
"1400000US04013619900","Census Tract 6199; Maricopa County; Arizona","6600","916",
"1400000US04013723304","Census Tract 7233.04; Maricopa County; Arizona","7133","819",
"1400000US04013723305","Census Tract 7233.05; Maricopa County; Arizona","2398","456",
"1400000US04013723306","Census Tract 7233.06; Maricopa County; Arizona","6144","461",
"1400000US04013723307","Census Tract 7233.07; Maricopa County; Arizona","2720","257",
"1400000US04013723309","Census Tract 7233.09; Maricopa County; Arizona","3686","1005",
"1400000US04013723310","Census Tract 7233.10; Maricopa County; Arizona","2702","334",
"1400000US04013723311","Census Tract 7233.11; Maricopa County; Arizona","5511","546",
"1400000US04013810000","Census Tract 8100; Maricopa County; Arizona","3359","578",
"1400000US04013810100","Census Tract 8101; Maricopa County; Arizona","6557","1068",
"1400000US04013810200","Census Tract 8102; Maricopa County; Arizona","3293","712",
"1400000US04013810300","Census Tract 8103; Maricopa County; Arizona","6236","882",
"1400000US04013810400","Census Tract 8104; Maricopa County; Arizona","5430","695",
"1400000US04013810500","Census Tract 8105; Maricopa County; Arizona","4856","549",
"1400000US04013810600","Census Tract 8106; Maricopa County; Arizona","7241","842",
"1400000US04013810700","Census Tract 8107; Maricopa County; Arizona","7480","1033",
"1400000US04013810800","Census Tract 8108; Maricopa County; Arizona","4501","470",
"1400000US04013810900","Census Tract 8109; Maricopa County; Arizona","5894","1123",
"1400000US04013811000","Census Tract 8110; Maricopa County; Arizona","2839","283",
"1400000US04013811100","Census Tract 8111; Maricopa County; Arizona","3915","590",
"1400000US04013811200","Census Tract 8112; Maricopa County; Arizona","3476","399",
"1400000US04013811300","Census Tract 8113; Maricopa County; Arizona","3065","435",
"1400000US04013811400","Census Tract 8114; Maricopa County; Arizona","5318","603",
"1400000US04013811500","Census Tract 8115; Maricopa County; Arizona","2613","387",
"1400000US04013811600","Census Tract 8116; Maricopa County; Arizona","4372","559",
"1400000US04013811700","Census Tract 8117; Maricopa County; Arizona","4764","487",
"1400000US04013811800","Census Tract 8118; Maricopa County; Arizona","1795","208",
"1400000US04013811900","Census Tract 8119; Maricopa County; Arizona","5637","859",
"1400000US04013812000","Census Tract 8120; Maricopa County; Arizona","5016","760",
"1400000US04013812100","Census Tract 8121; Maricopa County; Arizona","7121","915",
"1400000US04013812200","Census Tract 8122; Maricopa County; Arizona","7783","847",
"1400000US04013812300","Census Tract 8123; Maricopa County; Arizona","5355","575",
"1400000US04013812400","Census Tract 8124; Maricopa County; Arizona","8309","710",
"1400000US04013812500","Census Tract 8125; Maricopa County; Arizona","2135","427",
"1400000US04013812600","Census Tract 8126; Maricopa County; Arizona","6383","766",
"1400000US04013812700","Census Tract 8127; Maricopa County; Arizona","6739","676",
"1400000US04013812801","Census Tract 8128.01; Maricopa County; Arizona","3240","523",
"1400000US04013812802","Census Tract 8128.02; Maricopa County; Arizona","5993","790",
"1400000US04013812900","Census Tract 8129; Maricopa County; Arizona","3391","398",
"1400000US04013813000","Census Tract 8130; Maricopa County; Arizona","6007","656",
"1400000US04013813100","Census Tract 8131; Maricopa County; Arizona","4140","442",
"1400000US04013813200","Census Tract 8132; Maricopa County; Arizona","4702","497",
"1400000US04013813300","Census Tract 8133; Maricopa County; Arizona","6166","601",
"1400000US04013813400","Census Tract 8134; Maricopa County; Arizona","4755","484",
"1400000US04013813500","Census Tract 8135; Maricopa County; Arizona","4616","498",
"1400000US04013813600","Census Tract 8136; Maricopa County; Arizona","4565","502",
"1400000US04013813700","Census Tract 8137; Maricopa County; Arizona","2405","280",
"1400000US04013813800","Census Tract 8138; Maricopa County; Arizona","2882","280",
"1400000US04013813900","Census Tract 8139; Maricopa County; Arizona","6127","507",
"1400000US04013814000","Census Tract 8140; Maricopa County; Arizona","2666","374",
"1400000US04013814100","Census Tract 8141; Maricopa County; Arizona","6148","646",
"1400000US04013814200","Census Tract 8142; Maricopa County; Arizona","2633","351",
"1400000US04013814300","Census Tract 8143; Maricopa County; Arizona","4417","664",
"1400000US04013814400","Census Tract 8144; Maricopa County; Arizona","6025","578",
"1400000US04013814500","Census Tract 8145; Maricopa County; Arizona","5039","584",
"1400000US04013814600","Census Tract 8146; Maricopa County; Arizona","5967","676",
"1400000US04013814700","Census Tract 8147; Maricopa County; Arizona","4320","719",
"1400000US04013814801","Census Tract 8148.01; Maricopa County; Arizona","3772","958",
"1400000US04013814802","Census Tract 8148.02; Maricopa County; Arizona","6108","677",
"1400000US04013814900","Census Tract 8149; Maricopa County; Arizona","3140","497",
"1400000US04013815000","Census Tract 8150; Maricopa County; Arizona","4514","607",
"1400000US04013815100","Census Tract 8151; Maricopa County; Arizona","5711","1052",
"1400000US04013815201","Census Tract 8152.01; Maricopa County; Arizona","5920","1636",
"1400000US04013815202","Census Tract 8152.02; Maricopa County; Arizona","3404","329",
"1400000US04013815203","Census Tract 8152.03; Maricopa County; Arizona","4065","656",
"1400000US04013815300","Census Tract 8153; Maricopa County; Arizona","3732","559",
"1400000US04013815401","Census Tract 8154.01; Maricopa County; Arizona","3624","380",
"1400000US04013815402","Census Tract 8154.02; Maricopa County; Arizona","7309","1121",
"1400000US04013815501","Census Tract 8155.01; Maricopa County; Arizona","4543","628",
"1400000US04013815502","Census Tract 8155.02; Maricopa County; Arizona","3219","568",
"1400000US04013815601","Census Tract 8156.01; Maricopa County; Arizona","1494","234",
"1400000US04013815602","Census Tract 8156.02; Maricopa County; Arizona","5956","922",
"1400000US04013815700","Census Tract 8157; Maricopa County; Arizona","5519","778",
"1400000US04013815800","Census Tract 8158; Maricopa County; Arizona","6772","965",
"1400000US04013815901","Census Tract 8159.01; Maricopa County; Arizona","6264","819",
"1400000US04013815902","Census Tract 8159.02; Maricopa County; Arizona","6104","1132",
"1400000US04013816001","Census Tract 8160.01; Maricopa County; Arizona","3873","368",
"1400000US04013816002","Census Tract 8160.02; Maricopa County; Arizona","4603","1329",
"1400000US04013816003","Census Tract 8160.03; Maricopa County; Arizona","3139","740",
"1400000US04013816004","Census Tract 8160.04; Maricopa County; Arizona","7055","961",
"1400000US04013816005","Census Tract 8160.05; Maricopa County; Arizona","4354","690",
"1400000US04013816100","Census Tract 8161; Maricopa County; Arizona","7238","882",
"1400000US04013816200","Census Tract 8162; Maricopa County; Arizona","4300","543",
"1400000US04013816301","Census Tract 8163.01; Maricopa County; Arizona","2840","312",
"1400000US04013816302","Census Tract 8163.02; Maricopa County; Arizona","4460","479",
"1400000US04013816401","Census Tract 8164.01; Maricopa County; Arizona","4222","815",
"1400000US04013816402","Census Tract 8164.02; Maricopa County; Arizona","4659","626",
"1400000US04013816501","Census Tract 8165.01; Maricopa County; Arizona","2547","519",
"1400000US04013816502","Census Tract 8165.02; Maricopa County; Arizona","2459","436",
"1400000US04013816600","Census Tract 8166; Maricopa County; Arizona","5521","916",
"1400000US04013816700","Census Tract 8167; Maricopa County; Arizona","3004","383",
"1400000US04013816800","Census Tract 8168; Maricopa County; Arizona","7593","806",
"1400000US04013816901","Census Tract 8169.01; Maricopa County; Arizona","5577","565",
"1400000US04013816902","Census Tract 8169.02; Maricopa County; Arizona","3724","762",
"1400000US04013816903","Census Tract 8169.03; Maricopa County; Arizona","3637","688",
"1400000US04013816904","Census Tract 8169.04; Maricopa County; Arizona","4444","430",
"1400000US04013817000","Census Tract 8170; Maricopa County; Arizona","4038","805",
"1400000US04013817101","Census Tract 8171.01; Maricopa County; Arizona","3543","495",
"1400000US04013817102","Census Tract 8171.02; Maricopa County; Arizona","3852","629",
"1400000US04013817103","Census Tract 8171.03; Maricopa County; Arizona","5828","790",
"1400000US04013817200","Census Tract 8172; Maricopa County; Arizona","9033","978",
"1400000US04013817300","Census Tract 8173; Maricopa County; Arizona","5408","511",
"1400000US04013817400","Census Tract 8174; Maricopa County; Arizona","2854","292",
"1400000US04013817500","Census Tract 8175; Maricopa County; Arizona","2748","342",
"1400000US04013817600","Census Tract 8176; Maricopa County; Arizona","7385","689",
"1400000US04013940700","Census Tract 9407; Maricopa County; Arizona","0","14",
"1400000US04013941000","Census Tract 9410; Maricopa County; Arizona","3387","525",
"1400000US04013941100","Census Tract 9411; Maricopa County; Arizona","15","24",
"1400000US04013941200","Census Tract 9412; Maricopa County; Arizona","1068","145",
"1400000US04013941300","Census Tract 9413; Maricopa County; Arizona","5487","674",
"1400000US04013980100","Census Tract 9801; Maricopa County; Arizona","7","11",
"1400000US04013980400","Census Tract 9804; Maricopa County; Arizona","11","3",
"1400000US04013980500","Census Tract 9805; Maricopa County; Arizona","0","14",
"1400000US04013980700","Census Tract 9807; Maricopa County; Arizona","0","14",
"1400000US04013980900","Census Tract 9809; Maricopa County; Arizona","226","273",
"1400000US04013981000","Census Tract 9810; Maricopa County; Arizona","696","70",
