stop_id,stop_code,stop_name,stop_desc,stop_lat,stop_lon,zone_id,stop_url,location_type,parent_station,platform_code,jurisdiction,equipment
1014,14968,Baseline Rd & Dobson Rd,EB Baseline Rd & FS Dobson Rd,33.378382,-111.877068,,,0,,,Mesa,
1017,18871,Baseline Rd & Longmore,EB Baseline Rd & FS Longmore,33.378498,-111.868382,,,0,,,Mesa,
1018,18870,Baseline Rd & Pennington,EB Baseline Rd & FS Pennington,33.37847,-111.872707,,,0,,,Mesa,
1021,18872,Baseline Rd & Rogers,EB Baseline Rd & FS Rogers,33.378595,-111.863466,,,0,,,Mesa,
1090,13122,Broadway Rd & Alma School Rd,EB Broadway Rd & FS Alma School Rd,33.407476,-111.856107,,,0,,,Mesa,
1092,13126,Broadway Rd & Country Club Dr,EB Broadway Rd & FS Country Club Dr,33.407756,-111.839479,,,0,,,Mesa,
1094,13125,Broadway Rd & Date,EB Broadway Rd & FS Date,33.407679,-111.84406,,,0,,,Mesa,
1095,13118,Broadway Rd & Dobson Rd,EB Broadway Rd & FS Dobson Rd,33.407404,-111.873629,,,0,,,Mesa,
1096,13113,Broadway Rd & El Dorado,EB Broadway Rd & FS El Dorado,33.407379,-111.886773,,,0,,,Mesa,
1097,13124,Broadway Rd & Extension Rd,EB Broadway Rd & FS Extension Rd,33.407626,-111.848003,,,0,,,Mesa,
1100,13120,Broadway Rd & Longmore,EB Broadway Rd & FS Longmore,33.407483,-111.865186,,,0,,,Mesa,
1101,13128,Broadway Rd & MacDonald,EB Broadway Rd & FS MacDonald,33.407735,-111.83375,,,0,,,Mesa,
1104,13127,Broadway Rd & Robson,EB Broadway Rd & FS Robson,33.407769,-111.836447,,,0,,,Mesa,
1106,13114,Broadway Rd & Roosevelt Rd,EB Broadway Rd & FS Roosevelt Rd,33.407394,-111.882874,,,0,,,Mesa,
1107,13119,Broadway Rd & Saguaro,EB Broadway Rd & FS Saguaro,33.407486,-111.867658,,,0,,,Mesa,
1108,13121,Broadway Rd & Standage,EB Broadway Rd & FS Standage,33.407507,-111.860758,,,0,,,Mesa,
1111,13115,Broadway Rd & 2145 West,EB Broadway Rd & AT 2145 West,33.407433,-111.878313,,,0,,,Mesa,
1114,13123,Broadway Rd & Westwood,EB Broadway Rd & NS Westwood,33.407571,-111.852828,,,0,,,Mesa,
124,13140,Broadway Rd & Chestnut,EB Broadway Rd & FS Chestnut,33.408016,-111.783372,,,0,,,Mesa,
126,13152,Broadway Rd & 48th St,EB Broadway Rd & FS 48th St,33.408229,-111.727793,,,0,,,Mesa,
13,17376,Rio Salado Pkwy & Alma School Rd,EB Rio Salado Pkwy & FS Alma School Rd,33.429306,-111.855618,,,0,,,Mesa,
133,15296,Broadway Rd & 24th St,EB Broadway Rd & FS 24th St,33.408017,-111.779443,,,0,,,Mesa,
138,13144,Broadway Rd & 31st St,EB Broadway Rd & FS 31st St,33.408078,-111.764139,,,0,,,Mesa,
14,17377,Rio Salado Pkwy & Westwood,EB Rio Salado Pkwy & FS Westwood,33.429373,-111.851746,,,0,,,Mesa,
1463,15916,Main St & Alma School Rd,EB Main St & FS Alma School Rd,33.414725,-111.856115,,,0,,,Mesa,
1464,18860,Main St & Dobson Rd,EB Main St & FS Dobson Rd,33.414635,-111.873739,,,0,,,Mesa,
1465,12536,Main St & Extension Rd,EB Main St & FS Extension Rd,33.4149,-111.847894,,,0,,,Mesa,
1468,18382,Main St & MacDonald,EB Main St & FS MacDonald,33.41497,-111.833369,,,0,,,Mesa,
1471,12534,Main St & Stewart,EB Main St & FS Stewart,33.414739,-111.859206,,,0,,,Mesa,
1472,12532,Main St & Sycamore,EB Main St & FS Sycamore,33.414689,-111.869661,,,0,place_SYMA1,,Mesa,
1473,12535,Main St & 1007 West,EB Main St & AT 1007 West,33.414828,-111.852446,,,0,,,Mesa,
1477,12537,Main St & Date,EB Main St & FS Date,33.414964,-111.843639,,,0,,,Mesa,
1517,15951,McKellips Rd & Country Club Dr,EB McKellips Rd & FS Country Club Dr,33.451298,-111.839269,,,0,,,Mesa,
152,13146,Broadway Rd & Almar,EB Broadway Rd & FS Almar,33.408102,-111.759564,,,0,,,Mesa,
153,13137,Broadway Rd & Barkley,EB Broadway Rd & FS Barkley,33.407869,-111.799028,,,0,,,Mesa,
155,13129,Broadway Rd & Center St,EB Broadway Rd & FS Center St,33.407741,-111.831211,,,0,,,Mesa,
162,13139,Broadway Rd & Gilbert Rd,EB Broadway Rd & FS Gilbert Rd,33.407929,-111.78768,,,0,,,Mesa,
1628,13988,Southern Av & MacDonald,EB Southern Av & FS MacDonald,33.393219,-111.83478,,,0,,,Mesa,
1629,13979,Southern Av & Sycamore,EB Southern Av & NS Sycamore,33.392889,-111.870657,,,0,,,Mesa,
163,13150,Broadway Rd & Greenfield Rd,EB Broadway Rd & FS Greenfield Rd,33.408152,-111.735849,,,0,,,Mesa,
164,13154,Broadway Rd & Higley Rd,EB Broadway Rd & FS Higley Rd,33.408202,-111.718343,,,0,,,Mesa,
1640,13983,Southern Av & Alma School Rd,EB Southern Av & FS Alma School Rd,33.392937,-111.856493,,,0,,,Mesa,
1641,13989,Southern Av & Center St,EB Southern Av & FS Center St,33.393225,-111.831,,,0,,,Mesa,
1643,13987,Southern Av & Country Club Dr,EB Southern Av & FS Country Club Dr,33.393162,-111.839104,,,0,,,Mesa,
1644,18605,Southern Av & Dobson Rd,EB Southern Av & FS Dobson Rd,33.392913,-111.873994,,,0,,,Mesa,
1645,13985,Southern Av & Extension Rd,EB Southern Av & FS Extension Rd,33.39308,-111.848096,,,0,,,Mesa,
1647,13981,Southern Av & Longmore,EB Southern Av & FS Longmore,33.392936,-111.863271,,,0,,,Mesa,
165,13133,Broadway Rd & Olive,EB Broadway Rd & FS Olive,33.407721,-111.816569,,,0,,,Mesa,
1652,13977,Southern Av & San Jose,EB Southern Av & FS San Jose,33.392932,-111.877655,,,0,,,Mesa,
1653,13982,Southern Av & Stewart,EB Southern Av & FS Stewart,33.39296,-111.859882,,,0,,,Mesa,
1654,13986,Southern Av & Vineyard,EB Southern Av & FS Vineyard,33.393154,-111.842085,,,0,,,Mesa,
1656,13984,Southern Av & Westwood,EB Southern Av & FS Westwood,33.393,-111.852465,,,0,,,Mesa,
166,13134,Broadway Rd & Horne,EB Broadway Rd & FS Horne,33.407753,-111.813766,,,0,,,Mesa,
167,13130,Broadway Rd & Lewis,EB Broadway Rd & FS Lewis,33.407735,-111.829481,,,0,,,Mesa,
168,13143,Broadway Rd & Lindsay Rd,EB Broadway Rd & FS Lindsay Rd,33.40797,-111.770327,,,0,,,Mesa,
170,18659,Broadway Rd & Maple,EB Broadway Rd & FS Maple,33.408152,-111.747744,,,0,,,Mesa,
172,13132,Broadway Rd & Mesa Dr,EB Broadway Rd & FS Mesa Dr,33.407687,-111.822049,,,0,,,Mesa,
174,13149,Broadway Rd & Norwalk,EB Broadway Rd & FS Norwalk,33.408149,-111.74259,,,0,,,Mesa,
176,13151,Broadway Rd & Quinn,EB Broadway Rd & FS Quinn,33.408202,-111.73174,,,0,,,Mesa,
177,13153,Broadway Rd & Racine,EB Broadway Rd & FS Racine,33.408255,-111.724275,,,0,,,Mesa,
1776,12084,University Dr & Alma School Rd,EB University Dr & FS Alma School Rd,33.421963,-111.855873,,,0,,,Mesa,
1777,12088,University Dr & Country Club Dr,EB University Dr & FS Country Club Dr,33.422232,-111.839421,,,0,,,Mesa,
1778,12081,University Dr & Dobson Rd,EB University Dr & FS Dobson Rd,33.421998,-111.873973,,,0,,,Mesa,
1780,12087,University Dr & Hosick,EB University Dr & FS Hosick,33.422202,-111.844878,,,0,,,Mesa,
1781,12082,University Dr & Longmore,EB University Dr & FS Longmore,33.422029,-111.864736,,,0,,,Mesa,
1782,12090,University Dr & MacDonald,EB University Dr & FS MacDonald,33.422242,-111.833612,,,0,,,Mesa,
1783,12089,University Dr & Robson,EB University Dr & FS Robson,33.422223,-111.836207,,,0,,,Mesa,
1784,12083,University Dr & Standage,EB University Dr & FS Standage,33.422037,-111.860552,,,0,,,Mesa,
1786,12085,University Dr & Westwood,EB University Dr & FS Westwood,33.422104,-111.851779,,,0,,,Mesa,
1797,12086,University Dr & Extension Rd,EB University Dr & NS Extension Rd,33.422142,-111.8486,,,0,,,Mesa,
182,13135,Broadway Rd & Solomon,EB Broadway Rd & FS Solomon,33.407783,-111.809364,,,0,,,Mesa,
184,13136,Broadway Rd & Stapley Dr,EB Broadway Rd & FS Stapley Dr,33.407811,-111.804796,,,0,,,Mesa,
186,13155,Broadway Rd & Sunnyvale,EB Broadway Rd & FS Sunnyvale,33.408302,-111.714396,,,0,,,Mesa,
188,13147,Broadway Rd & Val Vista Dr,EB Broadway Rd & FS Val Vista Dr,33.408059,-111.752991,,,0,,,Mesa,
189,13131,Broadway Rd & Wilbur,EB Broadway Rd & FS Wilbur,33.407718,-111.824749,,,0,,,Mesa,
190,13142,Broadway Rd & Windsor,EB Broadway Rd & NS Windsor,33.40805,-111.775263,,,0,,,Mesa,
194,13138,Broadway Rd & Williams,EB Broadway Rd & NS Williams,33.407931,-111.795179,,,0,,,Mesa,
201,17381,Brown Rd & Country Club Dr,EB Brown Rd & FS Country Club Dr,33.435101,-111.839373,,,0,,,Mesa,
205,17382,Brown Rd & Grand,EB Brown Rd & FS Grand,33.434985,-111.835258,,,0,,,Mesa,
210,17380,Brown Rd & 525 West,EB Brown Rd & AT 525 West,33.435065,-111.842629,,,0,,,Mesa,
216,17399,Brown Rd & Mesa Dr,EB Brown Rd & NS Mesa Dr,33.435405,-111.823807,,,0,,,Mesa,
218,17383,Brown Rd & Center St,EB Brown Rd & NS Center St,33.434847,-111.832044,,,0,,,Mesa,
2713,15484,Alma School Rd & 6th Av,NB Alma School Rd & NS 6th Av,33.403232,-111.856725,,,0,,,Mesa,
2714,15488,Alma School Rd & 2nd St,NB Alma School Rd & FS 2nd St,33.418821,-111.856334,,,0,,,Mesa,
2715,15490,Alma School Rd & 7th St,NB Alma School Rd & FS 7th St,33.4271,-111.856156,,,0,,,Mesa,
2716,15483,Alma School Rd & 8th Av,NB Alma School Rd & FS 8th Av,33.400668,-111.856804,,,0,,,Mesa,
2717,15485,Alma School Rd & Broadway Rd,NB Alma School Rd & FS Broadway Rd,33.408049,-111.856497,,,0,,,Mesa,
2720,15482,Alma School Rd & Emerald Av,NB Alma School Rd & FS Emerald Av,33.397043,-111.856955,,,0,,,Mesa,
2724,15487,Alma School Rd & Main St,NB Alma School Rd & FS Main St,33.415386,-111.856411,,,0,,,Mesa,
2728,15481,Alma School Rd & Southern Av,NB Alma School Rd & FS Southern Av,33.39368,-111.856998,,,0,,,Mesa,
2730,15489,Alma School Rd & University Dr,NB Alma School Rd & FS University Dr,33.422533,-111.856248,,,0,,,Mesa,
2781,17396,Center St & 1st St,NB Center St & FS 1st St,33.417866,-111.831298,,,0,,,Mesa,
2783,17387,Center St & 6th St,NB Center St & FS 6th St,33.42596,-111.831323,,,0,,,Mesa,
2784,17388,Center St & 8th St,NB Center St & FS 8th St,33.430035,-111.831201,,,0,,,Mesa,
2786,17386,Center St & University Dr,NB Center St & FS University Dr,33.422702,-111.831323,,,0,,,Mesa,
2856,15948,Country Club Dr & 13th Pl,NB Country Club Dr & FS 13th Pl,33.439671,-111.839701,,,0,,,Mesa,
2857,15942,Country Club Dr & 1st St,NB Country Club Dr & FS 1st St,33.417942,-111.839811,,,0,,,Mesa,
2858,15944,Country Club Dr & 6th St,NB Country Club Dr & FS 6th St,33.42636,-111.839798,,,0,,,Mesa,
2859,15945,Country Club Dr & 8th St,NB Country Club Dr & FS 8th St,33.430003,-111.839761,,,0,,,Mesa,
2860,15946,Country Club Dr & 9th Pl,NB Country Club Dr & FS 9th Pl,33.432691,-111.839754,,,0,,,Mesa,
2861,15947,Country Club Dr & Brown Rd,NB Country Club Dr & FS Brown Rd,33.43545,-111.839728,,,0,,,Mesa,
2862,15950,Country Club Dr & Juniper St,NB Country Club Dr & FS Juniper St,33.448542,-111.839624,,,0,,,Mesa,
2863,16480,Country Club Dr & Main St,NB Country Club Dr & FS Main St,33.415628,-111.839757,,,0,,,Mesa,
2864,15949,Country Club Dr & McLellan Rd,NB Country Club Dr & FS McLellan Rd,33.444399,-111.839648,,,0,,,Mesa,
2865,15943,Country Club Dr & University Dr,NB Country Club Dr & FS University Dr,33.422893,-111.839769,,,0,,,Mesa,
2866,17378,Date & Rio Salado Pkwy,NB Date & FS Rio Salado Pkwy,33.429892,-111.844609,,,0,,,Mesa,
2867,18866,Date & 10th St,NB Date & FS 10th St,33.433932,-111.84446,,,0,,,Mesa,
2871,15395,Dobson Rd & Decatur St,NB Dobson Rd & FS Decatur St,33.426037,-111.874158,,,0,,,Mesa,
2875,12079,Dobson Rd & Main St,NB Dobson Rd & FS Main St,33.415827,-111.874234,,,0,,,Mesa,
2876,15394,Dobson Rd & University Dr,NB Dobson Rd & FS University Dr,33.42251,-111.874185,,,0,,,Mesa,
2885,16208,Gilbert Rd & Adobe St,NB Gilbert Rd & FS Adobe St,33.430412,-111.787882,,,0,,,Mesa,
2886,16207,Gilbert Rd & Decatur St,NB Gilbert Rd & FS Decatur St,33.427296,-111.787935,,,0,,,Mesa,
2888,16209,Gilbert Rd & Encanto St,NB Gilbert Rd & FS Encanto St,33.433634,-111.787822,,,0,,,Mesa,
2893,16204,Gilbert Rd & Main St,NB Gilbert Rd & FS Main St,33.415881,-111.788054,,,0,,,Mesa,
2895,16206,Gilbert Rd & University Dr,NB Gilbert Rd & FS University Dr,33.423403,-111.78791,,,0,,,Mesa,
2898,16205,Gilbert Rd & 225 North,NB Gilbert Rd & AT 225 North,33.419629,-111.788016,,,0,,,Mesa,
2978,16008,Mesa Dr & 10th St,NB Mesa Dr & FS 10th St,33.432192,-111.822592,,,0,,,Mesa,
2979,16002,Mesa Dr & 1st St,NB Mesa Dr & FS 1st St,33.417537,-111.82282,,,0,,,Mesa,
2980,16006,Mesa Dr & 6th St,NB Mesa Dr & FS 6th St,33.426166,-111.822682,,,0,,,Mesa,
2981,16007,Mesa Dr & 8th St,NB Mesa Dr & FS 8th St,33.430312,-111.822632,,,0,,,Mesa,
2982,16001,Mesa Dr & Main St,NB Mesa Dr & FS Main St,33.415684,-111.822765,,,0,,,Mesa,
2983,16004,Mesa Dr & University Dr,NB Mesa Dr & FS University Dr,33.422791,-111.82272,,,0,,,Mesa,
30000,15815,Rio Salado Pkwy & Alma School Rd,WB Rio Salado Pkwy & NS Alma School Rd,33.429519,-111.855792,,,0,,,Mesa,
3025,16740,Power Rd & Ensenada St,NB Power Rd & FS Ensenada St,33.432729,-111.684183,,,0,,,Mesa,
30250,10981,Dobson Rd & 8th Av,NB Dobson Rd & NS 8th Av,33.399665,-111.874409,,,0,,,Mesa,
3026,12130,Power Rd & Albany St,NB Power Rd & NS Albany St,33.418546,-111.684287,,,0,,,Mesa,
30262,11073,Southern Av & Leisure World Bl,WB Southern Av & FS Leisure World Bl,33.394031,-111.702529,,,0,,,Mesa,
3027,16741,Power Rd & Brown Rd,NB Power Rd & FS Brown Rd,33.437959,-111.684106,,,0,,,Mesa,
3028,16739,Power Rd & Decatur St,NB Power Rd & FS Decatur St,33.427174,-111.684243,,,0,,,Mesa,
3030,16742,Power Rd & Jensen St,NB Power Rd & FS Jensen St,33.449411,-111.683907,,,0,,,Mesa,
3031,12129,Power Rd & Main St,NB Power Rd & FS Main St,33.416502,-111.684337,,,0,,,Mesa,
3032,16738,Power Rd & University Dr,NB Power Rd & FS University Dr,33.423542,-111.684241,,,0,,,Mesa,
30377,11820,Gilbert Rd/Main St TC,Gilbert Rd/Main St TC (Bay 1 north side),33.414998,-111.790303,,,0,place_GMTC,1,Mesa,
30378,11843,Gilbert Rd/Main St TC,Gilbert Rd/Main St TC (Bay 2 north side),33.415029,-111.790523,,,0,place_GMTC,2,Mesa,
30381,11852,Gilbert Rd/Main St TC,Gilbert Rd/Main St TC (Bay 6 south side),33.414782,-111.790347,,,0,place_GMTC,6,Mesa,
30452,17516,Sycamore/Main St TC,Sycamore/Main St TC (Bay 5 east side),33.415724,-111.8703,,,0,place_SYMA,5,Mesa,
30455,17996,Sycamore/Main St TC,Sycamore/Main St TC (Bay 3 west side),33.415903,-111.870444,,,0,place_SYMA,3,Mesa,
30456,17518,Sycamore/Main St TC,Sycamore/Main St TC (Bay 2 west side),33.415725,-111.870404,,,0,place_SYMA,2,Mesa,
30457,17519,Sycamore/Main St TC,Sycamore/Main St TC (Bay 1 west side),33.415543,-111.870365,,,0,place_SYMA,1,Mesa,
30459,17520,Superstition Springs TC,Superstition Springs TC (Bay 2 north side),33.387673,-111.689553,,,0,place_SPMA,2,Mesa,
30460,17521,Superstition Springs TC,Superstition Springs TC (Bay 3 north side),33.387673,-111.689271,,,0,place_SPMA,3,Mesa,
30461,17522,Superstition Springs TC,Superstition Springs TC (Bay 4 north side),33.387673,-111.688992,,,0,place_SPMA,4,Mesa,
30462,17523,Superstition Springs TC,Superstition Springs TC (Bay 5 north side),33.387675,-111.688684,,,0,place_SPMA,5,Mesa,
30503,17999,University Dr & 75th St,EB University Dr & FS 75th St,33.422291,-111.670167,,,0,,,Mesa,
30520,18828,Rio Salado Pkwy & Decatur St,WB Rio Salado Pkwy & FS Decatur St,33.429549,-111.869623,,,0,,,Mesa,
30521,18829,Rio Salado Pkwy & Dobson Rd,EB Rio Salado Pkwy & FS Dobson Rd,33.429314,-111.873504,,,0,,,Mesa,
30522,18830,Rio Salado Pkwy & Decatur St,EB Rio Salado Pkwy & FS Decatur St,33.429303,-111.868642,,,0,,,Mesa,
30523,18831,Power Rd & Ray Rd,NB Power Rd & FS Ray Rd,33.322171,-111.686754,,,0,,,Mesa,
30527,18867,University Dr & Sycamore,EB University Dr & NS Sycamore,33.42207,-111.87044,,,0,,,Mesa,
30528,18868,University Dr & Saguaro,WB University Dr & FS Saguaro,33.422229,-111.867974,,,0,,,Mesa,
30529,18869,Dobson Rd & Emerald Av,NB Dobson Rd & FS Emerald Av,33.396928,-111.874468,,,0,,,Mesa,
30534,18873,Baseline Rd & Alma School Rd,EB Baseline Rd & FS Alma School Rd,33.378581,-111.859098,,,0,,,Mesa,
30535,18874,Baseline Rd & Emerson,EB Baseline Rd & FS Emerson,33.378617,-111.855763,,,0,,,Mesa,
30536,18875,Baseline Rd & Extension Rd,EB Baseline Rd & FS Extension Rd,33.378654,-111.848008,,,0,,,Mesa,
30537,18876,Baseline Rd & Country Club Dr,WB Baseline Rd & FS Country Club Dr,33.378933,-111.841864,,,0,,,Mesa,
30538,18877,Baseline Rd & Vineyard,WB Baseline Rd & FS Vineyard,33.378937,-111.845427,,,0,,,Mesa,
30539,18878,Baseline Rd & Extension Rd,WB Baseline Rd & FS Extension Rd,33.378945,-111.849469,,,0,,,Mesa,
30540,18879,Baseline Rd & Emerson,WB Baseline Rd & FS Emerson,33.378934,-111.856459,,,0,,,Mesa,
30541,18880,Baseline Rd & Alma School Rd,WB Baseline Rd & FS Alma School Rd,33.378903,-111.860313,,,0,,,Mesa,
30542,18881,Baseline Rd & Rogers,WB Baseline Rd & FS Rogers,33.378819,-111.864548,,,0,,,Mesa,
30543,18882,Baseline Rd & Longmore,WB Baseline Rd & FS Longmore,33.378767,-111.869397,,,0,,,Mesa,
30544,18883,Baseline Rd & Pennington,WB Baseline Rd & FS Pennington,33.378746,-111.873692,,,0,,,Mesa,
30562,15663,Rio Salado Pkwy & Evergreen Rd,EB Rio Salado Pkwy & FS Evergreen Rd,33.429273,-111.882463,,,0,,,Mesa,
30563,15664,Rio Salado Pkwy & May,EB Rio Salado Pkwy & FS May,33.429309,-111.87987,,,0,,,Mesa,
30564,15670,Rio Salado Pkwy & Santa Barbara,EB Rio Salado Pkwy & FS Santa Barbara,33.429337,-111.876364,,,0,,,Mesa,
30565,15674,Rio Salado Pkwy & Riverview Dr,WB Rio Salado Pkwy & FS Riverview Dr,33.429501,-111.878156,,,0,,,Mesa,
30566,16131,Rio Salado Pkwy & Clark St,WB Rio Salado Pkwy & NS Clark St,33.429499,-111.882275,,,0,,,Mesa,
30567,16887,Rio Salado Pkwy & Cubs Wy,WB Rio Salado Pkwy & NS Cubs Wy,33.429432,-111.887932,,,0,,,Mesa,
30591,18961,Dobson Rd & 1st Av,NB Dobson Rd & NS 1st Av,33.412816,-111.874337,,,0,,,Mesa,
30592,18962,Innovation Wy & Tahoe Av,WB Innovation Wy & NS Tahoe Av,33.309608,-111.67327,,,0,,,Mesa,
3098,16099,Stapley Dr & Fairfield St,NB Stapley Dr & NS Fairfield St,33.433946,-111.805149,,,0,,,Mesa,
3099,16095,Stapley Dr & 2nd St,NB Stapley Dr & FS 2nd St,33.419069,-111.805185,,,0,,,Mesa,
3100,16098,Stapley Dr & 8th St,NB Stapley Dr & FS 8th St,33.429981,-111.805147,,,0,,,Mesa,
3101,16100,Stapley Dr & Brown Rd,NB Stapley Dr & FS Brown Rd,33.437292,-111.805143,,,0,,,Mesa,
3102,16101,Stapley Dr & Grandview St,NB Stapley Dr & FS Grandview St,33.440042,-111.805066,,,0,,,Mesa,
3103,16086,Stapley Dr & Inverness Av,NB Stapley Dr & FS Inverness Av,33.382665,-111.805632,,,0,,,Mesa,
3104,16103,Stapley Dr & Jensen St,NB Stapley Dr & FS Jensen St,33.448454,-111.80482,,,0,,,Mesa,
3105,16094,Stapley Dr & Main St,NB Stapley Dr & FS Main St,33.415472,-111.805168,,,0,,,Mesa,
3106,16102,Stapley Dr & McLellan Rd,NB Stapley Dr & FS McLellan Rd,33.444528,-111.804937,,,0,,,Mesa,
3107,16096,Stapley Dr & University Dr,NB Stapley Dr & FS University Dr,33.422818,-111.805057,,,0,,,Mesa,
3108,16097,Stapley Dr & Dover St,NB Stapley Dr & NS Dover St,33.426205,-111.805166,,,0,,,Mesa,
3279,15477,Alma School Rd & Baseline Rd,NB Alma School Rd & FS Baseline Rd,33.379108,-111.859602,,,0,,,Mesa,
3282,15473,Alma School Rd & Guadalupe Rd,NB Alma School Rd & FS Guadalupe Rd,33.364911,-111.858887,,,0,,,Mesa,
3283,15479,Alma School Rd & Holmes Av,NB Alma School Rd & FS Holmes Av,33.38872,-111.857046,,,0,,,Mesa,
3284,15478,Alma School Rd & Isabella Av,NB Alma School Rd & NS Isabella Av,33.382973,-111.857779,,,0,,,Mesa,
3286,15476,Alma School Rd & Kilarea Av,NB Alma School Rd & FS Kilarea Av,33.374963,-111.859457,,,0,,,Mesa,
3287,15475,Alma School Rd & Medina Av,NB Alma School Rd & FS Medina Av,33.371785,-111.859296,,,0,,,Mesa,
3288,15474,Alma School Rd & Meseto Av,NB Alma School Rd & FS Meseto Av,33.368544,-111.85914,,,0,,,Mesa,
3289,15472,Alma School Rd & Pecos Av,NB Alma School Rd & FS Pecos Av,33.360615,-111.858941,,,0,,,Mesa,
3331,15937,Country Club Dr & 10th Av,NB Country Club Dr & FS 10th Av,33.397284,-111.839908,,,0,,,Mesa,
3332,15940,Country Club Dr & 1st Av,NB Country Club Dr & FS 1st Av,33.413406,-111.839744,,,0,,,Mesa,
3333,15938,Country Club Dr & 8th Av,NB Country Club Dr & FS 8th Av,33.401323,-111.839919,,,0,,,Mesa,
3334,15935,Country Club Dr & 1331 South,NB Country Club Dr & AT 1331 South,33.39095,-111.839917,,,0,,,Mesa,
3335,16301,Country Club Dr & Southern Av,NB Country Club Dr & FS Southern Av,33.394041,-111.83983,,,0,,,Mesa,
3336,15939,Country Club Dr & Broadway Rd,NB Country Club Dr & NS Broadway Rd,33.405299,-111.83987,,,0,,,Mesa,
3338,15386,Dobson Rd & Baseline Rd,NB Dobson Rd & FS Baseline Rd,33.378942,-111.87743,,,0,,,Mesa,
3339,13116,Dobson Rd & Broadway Rd,NB Dobson Rd & FS Broadway Rd,33.408124,-111.874296,,,0,,,Mesa,
3341,15382,Dobson Rd & Guadalupe Rd,NB Dobson Rd & FS Guadalupe Rd,33.36462,-111.876391,,,0,,,Mesa,
3342,15387,Dobson Rd & Isabella Av,NB Dobson Rd & FS Isabella Av,33.383119,-111.874913,,,0,,,Mesa,
3343,17452,Dobson Rd & Lindner Av,NB Dobson Rd & FS Lindner Av,33.376645,-111.878118,,,0,,,Mesa,
3345,15389,Dobson Rd & Southern Av,NB Dobson Rd & FS Southern Av,33.393583,-111.874405,,,0,,,Mesa,
3346,15388,Dobson Rd & 1400 South,NB Dobson Rd & AT 1400 South,33.389785,-111.874444,,,0,,,Mesa,
3348,15392,Dobson Rd & 701 South,NB Dobson Rd & AT 701 South,33.403399,-111.874444,,,0,,,Mesa,
3352,15853,Farnsworth Dr & Kiowa St,NB Farnsworth Dr & FS Kiowa St,33.376095,-111.661266,,,0,,,Mesa,
3358,16203,Gilbert Rd & Alder Cir,NB Gilbert Rd & FS Alder Cir,33.41413,-111.788087,,,0,,,Mesa,
3359,16195,Gilbert Rd & Baseline Rd,NB Gilbert Rd & FS Baseline Rd,33.379593,-111.788139,,,0,,,Mesa,
3360,16202,Gilbert Rd & Bayberry Av,NB Gilbert Rd & FS Bayberry Av,33.411347,-111.788107,,,0,,,Mesa,
3361,16201,Gilbert Rd & Broadway Rd,NB Gilbert Rd & FS Broadway Rd,33.408407,-111.788111,,,0,,,Mesa,
3362,16200,Gilbert Rd & Clovis Av,NB Gilbert Rd & FS Clovis Av,33.405322,-111.788154,,,0,,,Mesa,
3363,16197,Gilbert Rd & Hampton Av,NB Gilbert Rd & FS Hampton Av,33.390203,-111.788159,,,0,,,Mesa,
3365,16199,Gilbert Rd & Pueblo Av,NB Gilbert Rd & FS Pueblo Av,33.401188,-111.788146,,,0,,,Mesa,
3368,16198,Gilbert Rd & Southern Av,NB Gilbert Rd & FS Southern Av,33.394247,-111.78809,,,0,,,Mesa,
3371,16196,Gilbert Rd & Inverness Av,NB Gilbert Rd & NS Inverness Av,33.384059,-111.788172,,,0,,,Mesa,
3438,15993,Mesa Dr & Coury Av,NB Mesa Dr & NS Coury Av,33.382604,-111.822938,,,0,,,Mesa,
3440,16000,Mesa Dr & 2nd Av,NB Mesa Dr & FS 2nd Av,33.411577,-111.822836,,,0,,,Mesa,
3441,15999,Mesa Dr & Broadway Rd,NB Mesa Dr & FS Broadway Rd,33.408002,-111.82288,,,0,,,Mesa,
3442,15998,Mesa Dr & Franklin Av,NB Mesa Dr & FS Franklin Av,33.402488,-111.822834,,,0,,,Mesa,
3443,15994,Mesa Dr & Hampton Av,NB Mesa Dr & FS Hampton Av,33.389859,-111.822788,,,0,,,Mesa,
3444,16529,Mesa Dr & Millett Av,NB Mesa Dr & FS Millett Av,33.399868,-111.822833,,,0,,,Mesa,
3445,15995,Mesa Dr & Southern Av,NB Mesa Dr & FS Southern Av,33.394045,-111.822772,,,0,,,Mesa,
3474,12585,Power Rd & Via Rossmoor,NB Power Rd & FS Via Rossmoor,33.399405,-111.684502,,,0,,,Mesa,
3475,15856,Power Rd & Baseline Rd,NB Power Rd & FS Baseline Rd,33.380049,-111.687694,,,0,,,Mesa,
3476,12587,Power Rd & Baywood Av,NB Power Rd & FS Baywood Av,33.410634,-111.684369,,,0,,,Mesa,
3479,12583,Power Rd & Hampton Av,NB Power Rd & FS Hampton Av,33.391123,-111.6845,,,0,,,Mesa,
3481,12584,Power Rd & Southern Av,NB Power Rd & FS Southern Av,33.394346,-111.684546,,,0,,,Mesa,
3483,14116,Price Rd & Baseline Rd,NB Price Rd & FS Baseline Rd,33.378993,-111.892331,,,0,,,Mesa,
3554,16091,Stapley Dr & 6th Av,NB Stapley Dr & FS 6th Av,33.404452,-111.805244,,,0,,,Mesa,
3555,16090,Stapley Dr & 8th Av,NB Stapley Dr & FS 8th Av,33.400843,-111.80526,,,0,,,Mesa,
3556,16092,Stapley Dr & Broadway Rd,NB Stapley Dr & FS Broadway Rd,33.408248,-111.805196,,,0,,,Mesa,
3557,16089,Stapley Dr & Emerald Av,NB Stapley Dr & FS Emerald Av,33.396493,-111.805299,,,0,,,Mesa,
3558,16087,Stapley Dr & Hilton Av,NB Stapley Dr & FS Hilton Av,33.389531,-111.805343,,,0,,,Mesa,
3559,16093,Stapley Dr & Jarvis Av,NB Stapley Dr & FS Jarvis Av,33.410527,-111.805192,,,0,,,Mesa,
3560,16088,Stapley Dr & Southern Av,NB Stapley Dr & FS Southern Av,33.393768,-111.805299,,,0,,,Mesa,
38,17088,Arbor Av & Recker Rd,EB Arbor Av & FS Recker Rd,33.413635,-111.701405,,,0,,,Mesa,
39,13158,Arbor Av & 6215 East,EB Arbor Av & AT 6215 East,33.412658,-111.697097,,,0,,,Mesa,
40301,50102,Longmore & University Dr (Flag Zone),SB Longmore & FS University Dr (Flag Zone),33.421752,-111.865422,,,0,,,Mesa,0
40302,50123,Longmore & Argon St (Flag Zone),SB Longmore & NS Argon St (Flag Zone),33.418497,-111.865459,,,0,,,Mesa,0
40303,50163,8th Av & Dobson Rd (Flag Zone),EB 8th Av & FS Dobson Rd (Flag Zone),33.400262,-111.873958,,,0,,,Mesa,0
40304,50164,Sycamore & 8th Av (Flag Zone),SB Sycamore & FS 8th Av (Flag Zone),33.400548,-111.869863,,,0,,,Mesa,0
40305,50169,Sycamore & Emelita Av (Flag Zone),SB Sycamore & NS Emelita Av (Flag Zone),33.398743,-111.869884,,,0,,,Mesa,0
40306,50300,Emelita Av & Dobson Rd (Flag Zone),WB Emelita Av & NS Dobson Rd (Flag Zone),33.398364,-111.873456,,,0,,,Mesa,0
40307,50301,8th Av & Alma School Rd (Flag Zone),WB 8th Av & FS Alma School Rd (Flag Zone),33.400434,-111.857579,,,0,,,Mesa,0
40308,50302,Pueblo Av & Standage (Flag Zone),WB Pueblo Av & FS Standage (Flag Zone),33.400863,-111.86186,,,0,,,Mesa,0
40309,50303,Longmore & Pueblo Av (Flag Zone),SB Longmore & FS Pueblo Av (Flag Zone),33.400429,-111.86587,,,0,,,Mesa,0
40310,50304,Longmore & Emerald Av (Flag Zone),SB Longmore & FS Emerald Av (Flag Zone),33.396578,-111.865987,,,0,,,Mesa,0
40311,50305,Emelita Av & Dobson Rd (Flag Zone),EB Emelita Av & FS Dobson Rd (Flag Zone),33.398228,-111.872841,,,0,,,Mesa,0
40312,50306,Emelita Av & Sycamore (Flag Zone),EB Emelita Av & NS Sycamore (Flag Zone),33.398403,-111.870006,,,0,,,Mesa,0
40313,50307,Sycamore & 8th Av (Flag Zone),NB Sycamore & NS 8th Av (Flag Zone),33.400629,-111.869718,,,0,,,Mesa,0
40314,50308,8th Av & Dobson Rd (Flag Zone),WB 8th Av & NS Dobson Rd (Flag Zone),33.400403,-111.874042,,,0,,,Mesa,0
40315,50309,Longmore & Main St (Flag Zone),NB Longmore & FS Main St (Flag Zone),33.415348,-111.865355,,,0,,,Mesa,0
40316,50310,Longmore & Argon St (Flag Zone),NB Longmore & FS Argon St (Flag Zone),33.41849,-111.865322,,,0,,,Mesa,0
438,15992,Javalina Av & Lewis,EB Javalina Av & FS Lewis,33.380348,-111.827483,,,0,,,Mesa,
4426,15493,Alma School Rd & 7th St,SB Alma School Rd & FS 7th St,33.426641,-111.856483,,,0,,,Mesa,
4427,15492,Alma School Rd & Rio Salado Pkwy,SB Alma School Rd & FS Rio Salado Pkwy,33.429033,-111.856469,,,0,,,Mesa,
4435,15494,Alma School Rd & University Dr,SB Alma School Rd & FS University Dr,33.421606,-111.856622,,,0,,,Mesa,
4438,15495,Alma School Rd & 2nd St,SB Alma School Rd & NS 2nd St,33.418772,-111.856655,,,0,,,Mesa,
4490,17385,Center St & 5th St,SB Center St & FS 5th St,33.423278,-111.831577,,,0,,,Mesa,
4491,17384,Center St & 6th Pl,SB Center St & FS 6th Pl,33.426573,-111.831519,,,0,,,Mesa,
4492,16510,Center St & 8th Pl,SB Center St & FS 8th Pl,33.430859,-111.831442,,,0,,,Mesa,
4499,16013,Center St & Brown Rd,SB Center St & FS Brown Rd,33.434556,-111.831408,,,0,,,Mesa,
4500,15954,Center St & Inglewood St,SB Center St & FS Inglewood St,33.446961,-111.831279,,,0,,,Mesa,
4501,15952,Center St & McKellips Rd,SB Center St & FS McKellips Rd,33.450919,-111.831283,,,0,,,Mesa,
4563,15963,Country Club Dr & 1st St,SB Country Club Dr & FS 1st St,33.417026,-111.840158,,,0,,,Mesa,
4564,15961,Country Club Dr & 6th Pl,SB Country Club Dr & FS 6th Pl,33.425751,-111.84013,,,0,,,Mesa,
4565,15960,Country Club Dr & 8th St,SB Country Club Dr & FS 8th St,33.429022,-111.840108,,,0,,,Mesa,
4566,15958,Country Club Dr & Brown Rd,SB Country Club Dr & FS Brown Rd,33.434739,-111.840099,,,0,,,Mesa,
4567,15957,Country Club Dr & Fairway Dr,SB Country Club Dr & FS Fairway Dr,33.439721,-111.840029,,,0,,,Mesa,
4568,15956,Country Club Dr & McLellan Rd,SB Country Club Dr & FS McLellan Rd,33.443862,-111.839986,,,0,,,Mesa,
4569,15962,Country Club Dr & University Dr,SB Country Club Dr & FS University Dr,33.421825,-111.840177,,,0,,,Mesa,
4570,15959,Country Club Dr & 9th Pl,SB Country Club Dr & FS 9th Pl,33.432225,-111.840096,,,0,,,Mesa,
4572,17393,Date & Cherry,SB Date & NS Cherry,33.430679,-111.844832,,,0,,,Mesa,
4574,12077,Dobson Rd & 2nd St,SB Dobson Rd & FS 2nd St,33.418283,-111.87456,,,0,,,Mesa,
4582,12076,Dobson Rd & University Dr,SB Dobson Rd & FS University Dr,33.421578,-111.874562,,,0,,,Mesa,
4596,16261,Gilbert Rd & 8th St,SB Gilbert Rd & FS 8th St,33.429772,-111.788148,,,0,,,Mesa,
4599,16234,Gilbert Rd & Brown Rd,SB Gilbert Rd & FS Brown Rd,33.436816,-111.788074,,,0,,,Mesa,
4600,16262,Gilbert Rd & Decatur St,SB Gilbert Rd & FS Decatur St,33.426438,-111.788252,,,0,,,Mesa,
4602,16260,Gilbert Rd & Fairfield St,SB Gilbert Rd & FS Fairfield St,33.433604,-111.78808,,,0,,,Mesa,
4603,16241,Gilbert Rd & Grandview St,SB Gilbert Rd & FS Grandview St,33.439892,-111.787929,,,0,,,Mesa,
4605,18160,Gilbert Rd & Hermosa Vista Dr,SB Gilbert Rd & FS Hermosa Vista Dr,33.458964,-111.78942,,,0,,,Mesa,
4607,18161,Gilbert Rd & Lockwood St,SB Gilbert Rd & FS Lockwood St,33.455712,-111.787783,,,0,,,Mesa,
4608,16239,Gilbert Rd & McKellips Rd,SB Gilbert Rd & FS McKellips Rd,33.451078,-111.787853,,,0,,,Mesa,
4609,16240,Gilbert Rd & McLellan Rd,SB Gilbert Rd & FS McLellan Rd,33.444093,-111.787885,,,0,,,Mesa,
461,12542,Main St & Center St,EB Main St & FS Center St,33.414936,-111.830516,,,0,,,Mesa,
4610,16264,Gilbert Rd & University Dr,SB Gilbert Rd & FS University Dr,33.422146,-111.788385,,,0,,,Mesa,
4614,16265,Gilbert Rd & 214 North,SB Gilbert Rd & AT 214 North,33.419024,-111.78838,,,0,,,Mesa,
462,12550,Main St & Harris Dr,EB Main St & FS Harris Dr,33.415146,-111.795996,,,0,,,Mesa,
463,12543,Main St & Hibbert,EB Main St & FS Hibbert,33.414912,-111.825711,,,0,,,Mesa,
465,12546,Main St & Horne,EB Main St & FS Horne,33.414955,-111.812883,,,0,,,Mesa,
467,12548,Main St & Stapley Dr,EB Main St & FS Stapley Dr,33.415022,-111.804488,,,0,,,Mesa,
4678,16003,Mesa Dr & 2nd St,NB Mesa Dr & FS 2nd St,33.41975,-111.822774,,,0,,,Mesa,
4679,16019,Mesa Dr & 1st St,SB Mesa Dr & FS 1st St,33.416883,-111.823069,,,0,,,Mesa,
4681,16016,Mesa Dr & 6th St,SB Mesa Dr & FS 6th St,33.425734,-111.822934,,,0,,,Mesa,
4682,16017,Mesa Dr & University Dr,SB Mesa Dr & FS University Dr,33.422048,-111.823047,,,0,,,Mesa,
4684,16015,Mesa Dr & 8th St,SB Mesa Dr & FS 8th St,33.428947,-111.822913,,,0,,,Mesa,
469,12547,Main St & Miller,EB Main St & FS Miller,33.414963,-111.808873,,,0,,,Mesa,
4719,16751,Power Rd & Albany St,SB Power Rd & FS Albany St,33.41859,-111.684665,,,0,,,Mesa,
4721,16747,Power Rd & Brown Rd,SB Power Rd & FS Brown Rd,33.436749,-111.684489,,,0,,,Mesa,
4722,16746,Power Rd & Inglewood St,SB Power Rd & FS Inglewood St,33.447784,-111.684318,,,0,,,Mesa,
4723,16745,Power Rd & McKellips Rd,SB Power Rd & FS McKellips Rd,33.451088,-111.684371,,,0,,,Mesa,
4724,16750,Power Rd & University Dr,SB Power Rd & FS University Dr,33.4224,-111.684699,,,0,,,Mesa,
4791,16108,Stapley Dr & McLellan Rd,SB Stapley Dr & FS McLellan Rd,33.444128,-111.80522,,,0,,,Mesa,
4792,16889,Stapley Dr & 2nd St,SB Stapley Dr & FS 2nd St,33.418634,-111.805421,,,0,,,Mesa,
4793,16113,Stapley Dr & 6th St,SB Stapley Dr & FS 6th St,33.425454,-111.805417,,,0,,,Mesa,
4794,16112,Stapley Dr & 9th St,SB Stapley Dr & FS 9th St,33.43098,-111.805402,,,0,,,Mesa,
4795,16110,Stapley Dr & Brown Rd,SB Stapley Dr & FS Brown Rd,33.436631,-111.805417,,,0,,,Mesa,
4796,16111,Stapley Dr & Fairfield St,SB Stapley Dr & FS Fairfield St,33.433809,-111.805412,,,0,,,Mesa,
4797,16109,Stapley Dr & Halifax St,SB Stapley Dr & FS Halifax St,33.441089,-111.805291,,,0,,,Mesa,
4798,16107,Stapley Dr & Jensen St,SB Stapley Dr & FS Jensen St,33.447709,-111.805118,,,0,,,Mesa,
4799,16114,Stapley Dr & University Dr,SB Stapley Dr & FS University Dr,33.422136,-111.805414,,,0,,,Mesa,
5001,15498,Alma School Rd & 6th Av,SB Alma School Rd & FS 6th Av,33.403356,-111.857045,,,0,,,Mesa,
5002,15499,Alma School Rd & 8th Av,SB Alma School Rd & FS 8th Av,33.399931,-111.857182,,,0,,,Mesa,
5003,15504,Alma School Rd & Baseline Rd,SB Alma School Rd & FS Baseline Rd,33.378096,-111.859966,,,0,,,Mesa,
5004,15497,Alma School Rd & Broadway Rd,SB Alma School Rd & FS Broadway Rd,33.406908,-111.856916,,,0,,,Mesa,
5006,15500,Alma School Rd & Emerald Av,SB Alma School Rd & FS Emerald Av,33.396497,-111.857321,,,0,,,Mesa,
5007,15508,Alma School Rd & Guadalupe Rd,SB Alma School Rd & FS Guadalupe Rd,33.363002,-111.85927,,,0,,,Mesa,
5008,15503,Alma School Rd & Isabella Av,SB Alma School Rd & FS Isabella Av,33.383002,-111.858154,,,0,,,Mesa,
5009,15505,Alma School Rd & Kilarea Av,SB Alma School Rd & FS Kilarea Av,33.374357,-111.859704,,,0,,,Mesa,
5010,15496,Alma School Rd & Main St,SB Alma School Rd & FS Main St,33.414278,-111.856819,,,0,,,Mesa,
5011,15506,Alma School Rd & Medina Av,SB Alma School Rd & FS Medina Av,33.371051,-111.859539,,,0,,,Mesa,
5013,15507,Alma School Rd & Meseto Av,SB Alma School Rd & FS Meseto Av,33.367875,-111.859386,,,0,,,Mesa,
5014,15509,Alma School Rd & Pecos Av,SB Alma School Rd & FS Pecos Av,33.359999,-111.859231,,,0,,,Mesa,
5016,15501,Alma School Rd & Southern Av,SB Alma School Rd & NS Southern Av,33.393338,-111.857394,,,0,,,Mesa,
5017,15502,Alma School Rd & Grove Av,SB Alma School Rd & NS Grove Av,33.391475,-111.85751,,,0,,,Mesa,
5061,15971,Country Club Dr & Hampton Av,SB Country Club Dr & FS Hampton Av,33.388665,-111.840265,,,0,,,Mesa,
5063,15968,Country Club Dr & 8th Av,SB Country Club Dr & FS 8th Av,33.400139,-111.840237,,,0,,,Mesa,
5064,15967,Country Club Dr & Broadway Rd,SB Country Club Dr & FS Broadway Rd,33.406028,-111.840226,,,0,,,Mesa,
5065,15969,Country Club Dr & Emerald Av,SB Country Club Dr & FS Emerald Av,33.396601,-111.840241,,,0,,,Mesa,
5067,15964,Country Club Dr & Main St,SB Country Club Dr & FS Main St,33.414517,-111.840107,,,0,,,Mesa,
5068,15970,Country Club Dr & Southern Av,SB Country Club Dr & FS Southern Av,33.392631,-111.840291,,,0,,,Mesa,
5069,15965,Country Club Dr & Dana Av,SB Country Club Dr & NS Dana Av,33.412555,-111.840095,,,0,,,Mesa,
5070,13117,Dobson Rd & 1st Av,SB Dobson Rd & FS 1st Av,33.412669,-111.874662,,,0,,,Mesa,
5071,15406,Dobson Rd & 8th Av,SB Dobson Rd & FS 8th Av,33.399969,-111.874756,,,0,,,Mesa,
5073,15404,Dobson Rd & Broadway Rd,SB Dobson Rd & FS Broadway Rd,33.40696,-111.874752,,,0,,,Mesa,
5074,15407,Dobson Rd & Emerald Av,SB Dobson Rd & FS Emerald Av,33.396497,-111.874769,,,0,,,Mesa,
5075,15410,Dobson Rd & Isabella Av,SB Dobson Rd & FS Isabella Av,33.382566,-111.875659,,,0,,,Mesa,
5077,15383,Dobson Rd & Keating Av,NB Dobson Rd & FS Keating Av,33.367782,-111.877675,,,0,,,Mesa,
5080,15408,Dobson Rd & Southern Av,SB Dobson Rd & FS Southern Av,33.392564,-111.874823,,,0,,,Mesa,
5081,15405,Dobson Rd & 600 South,SB Dobson Rd & AT 600 South,33.40316,-111.874743,,,0,,,Mesa,
5083,15409,Dobson Rd & 1400 South,SB Dobson Rd & AT 1400 South,33.388713,-111.874855,,,0,,,Mesa,
5086,15852,Farnsworth Dr & Baseline Rd,SB Farnsworth Dr & FS Baseline Rd,33.37884,-111.660913,,,0,,,Mesa,
5088,16890,Gilbert Rd & 2nd Av,SB Gilbert Rd & FS 2nd Av,33.411448,-111.788463,,,0,,,Mesa,
5089,16269,Gilbert Rd & 6th Av,SB Gilbert Rd & FS 6th Av,33.404204,-111.788499,,,0,,,Mesa,
5090,16270,Gilbert Rd & 8th Av,SB Gilbert Rd & FS 8th Av,33.400484,-111.788498,,,0,,,Mesa,
5091,16268,Gilbert Rd & Broadway Rd,SB Gilbert Rd & FS Broadway Rd,33.407449,-111.788539,,,0,,,Mesa,
5093,16271,Gilbert Rd & Emerald Av,SB Gilbert Rd & FS Emerald Av,33.396985,-111.788477,,,0,,,Mesa,
5094,16273,Gilbert Rd & Hampton Av,SB Gilbert Rd & FS Hampton Av,33.389595,-111.788509,,,0,,,Mesa,
5095,16266,Gilbert Rd & Main St,SB Gilbert Rd & FS Main St,33.414839,-111.788502,,,0,,,Mesa,
5097,16272,Gilbert Rd & Southern Av,SB Gilbert Rd & FS Southern Av,33.392863,-111.788533,,,0,,,Mesa,
5106,16274,Gilbert Rd & Intrepid Av,SB Gilbert Rd & NS Intrepid Av,33.383616,-111.788515,,,0,,,Mesa,
5152,15991,Lewis & Coury Av,SB Lewis & FS Coury Av,33.382225,-111.828464,,,0,,,Mesa,
5179,16021,Mesa Dr & 2nd Av,SB Mesa Dr & FS 2nd Av,33.410421,-111.823097,,,0,,,Mesa,
5180,16022,Mesa Dr & Broadway Rd,SB Mesa Dr & FS Broadway Rd,33.407427,-111.823089,,,0,,,Mesa,
5182,16020,Mesa Dr & Main St,SB Mesa Dr & FS Main St,33.414719,-111.823076,,,0,,,Mesa,
5183,16023,Mesa Dr & Marilyn Av,SB Mesa Dr & FS Marilyn Av,33.403746,-111.82303,,,0,,,Mesa,
5184,16024,Mesa Dr & Millett Av,SB Mesa Dr & FS Millett Av,33.399261,-111.823076,,,0,,,Mesa,
5185,16026,Mesa Dr & Southern Av,SB Mesa Dr & FS Southern Av,33.392549,-111.823093,,,0,,,Mesa,
5215,12576,Power Rd & Baywood Av,SB Power Rd & FS Baywood Av,33.409859,-111.684782,,,0,,,Mesa,
5216,12577,Power Rd & Broadway Rd,SB Power Rd & FS Broadway Rd,33.408116,-111.684761,,,0,,,Mesa,
5217,12575,Power Rd & Main St,SB Power Rd & FS Main St,33.415196,-111.684707,,,0,,,Mesa,
5218,12578,Power Rd & Via Rossmoor,SB Power Rd & FS Via Rossmoor,33.398627,-111.684834,,,0,,,Mesa,
5220,12579,Power Rd & Southern Av,SB Power Rd & FS Southern Av,33.393551,-111.684944,,,0,,,Mesa,
5221,15858,Power Rd & Superstition Springs Bl,SB Power Rd & FS Superstition Springs Bl,33.383487,-111.68556,,,0,,,Mesa,
5253,16163,Recker Rd & 306 South,SB Recker Rd & AT 306 South,33.410194,-111.70204,,,0,,,Mesa,
5296,16117,Stapley Dr & Jarvis Av,SB Stapley Dr & NS Jarvis Av,33.410865,-111.805412,,,0,,,Mesa,
5297,16119,Stapley Dr & 6th Av,SB Stapley Dr & FS 6th Av,33.40389,-111.805485,,,0,,,Mesa,
5298,16120,Stapley Dr & 8th Av,SB Stapley Dr & FS 8th Av,33.400305,-111.805498,,,0,,,Mesa,
5299,16118,Stapley Dr & Broadway Rd,SB Stapley Dr & FS Broadway Rd,33.407518,-111.805462,,,0,,,Mesa,
5300,16121,Stapley Dr & Emerald Av,SB Stapley Dr & FS Emerald Av,33.396044,-111.805583,,,0,,,Mesa,
5301,16123,Stapley Dr & Harmony Av,SB Stapley Dr & FS Harmony Av,33.388778,-111.805707,,,0,,,Mesa,
5303,16116,Stapley Dr & Main St,SB Stapley Dr & FS Main St,33.414757,-111.805436,,,0,,,Mesa,
5304,16122,Stapley Dr & Southern Av,SB Stapley Dr & FS Southern Av,33.393014,-111.805594,,,0,,,Mesa,
533,16104,McKellips Rd & Stapley Dr,EB McKellips Rd & FS Stapley Dr,33.451337,-111.803846,,,0,,,Mesa,
5349,13167,Arbor Av & 6210 East,WB Arbor Av & AT 6210 East,33.412841,-111.697075,,,0,,,Mesa,
5350,13168,Arbor Av & Recker Rd,WB Arbor Av & NS Recker Rd,33.413813,-111.701232,,,0,,,Mesa,
5370,15854,Baseline Rd & 78th St,WB Baseline Rd & FS 78th St,33.379357,-111.663091,,,0,,,Mesa,
5376,15855,Baseline Rd & Sossaman Rd,WB Baseline Rd & FS Sossaman Rd,33.379362,-111.667691,,,0,,,Mesa,
5382,13165,Baywood Av & Diego Cir,WB Baywood Av & FS Diego Cir,33.410505,-111.692036,,,0,,,Mesa,
5421,15557,Broadway Rd & 34th St,WB Broadway Rd & FS 34th St,33.408334,-111.758343,,,0,,,Mesa,
5430,15621,Broadway Rd & 24th St,WB Broadway Rd & FS 24th St,33.408246,-111.780127,,,0,,,Mesa,
5435,13182,Broadway Rd & 31st St,WB Broadway Rd & FS 31st St,33.408307,-111.764937,,,0,,,Mesa,
5445,15547,Broadway Rd & 48th St,WB Broadway Rd & FS 48th St,33.408451,-111.72797,,,0,,,Mesa,
5447,13170,Broadway Rd & 56th St,WB Broadway Rd & FS 56th St,33.408601,-111.710738,,,0,,,Mesa,
5451,13189,Broadway Rd & Barkley,WB Broadway Rd & FS Barkley,33.408084,-111.800076,,,0,,,Mesa,
5452,13186,Broadway Rd & Chestnut,WB Broadway Rd & FS Chestnut,33.408232,-111.784384,,,0,,,Mesa,
5456,13187,Broadway Rd & Gilbert Rd,WB Broadway Rd & FS Gilbert Rd,33.408294,-111.78892,,,0,,,Mesa,
5457,13176,Broadway Rd & Greenfield Rd,WB Broadway Rd & FS Greenfield Rd,33.408476,-111.737445,,,0,,,Mesa,
5458,13172,Broadway Rd & Higley Rd,WB Broadway Rd & FS Higley Rd,33.408504,-111.719603,,,0,,,Mesa,
5459,13193,Broadway Rd & Hobson,WB Broadway Rd & FS Hobson,33.407895,-111.819018,,,0,,,Mesa,
5460,13192,Broadway Rd & Horne,WB Broadway Rd & FS Horne,33.40793,-111.814467,,,0,,,Mesa,
5462,13194,Broadway Rd & Lesueur,WB Broadway Rd & FS Lesueur,33.407881,-111.820915,,,0,,,Mesa,
5463,15889,Broadway Rd & Lindsay Rd,WB Broadway Rd & FS Lindsay Rd,33.408267,-111.771371,,,0,,,Mesa,
5465,16132,Broadway Rd & Maple,WB Broadway Rd & FS Maple,33.408369,-111.748556,,,0,,,Mesa,
5467,13197,Broadway Rd & MacDonald,WB Broadway Rd & FS MacDonald,33.407967,-111.8345,,,0,,,Mesa,
5468,13178,Broadway Rd & Norwalk,WB Broadway Rd & FS Norwalk,33.408382,-111.743188,,,0,,,Mesa,
5469,13195,Broadway Rd & Pomeroy,WB Broadway Rd & FS Pomeroy,33.407909,-111.824094,,,0,,,Mesa,
5472,13175,Broadway Rd & Quinn,WB Broadway Rd & FS Quinn,33.408424,-111.73221,,,0,,,Mesa,
5473,13173,Broadway Rd & Racine,WB Broadway Rd & FS Racine,33.408465,-111.724916,,,0,,,Mesa,
5475,13196,Broadway Rd & Sirrine,WB Broadway Rd & FS Sirrine,33.407954,-111.829285,,,0,,,Mesa,
5476,13191,Broadway Rd & Solomon,WB Broadway Rd & FS Solomon,33.40797,-111.810411,,,0,,,Mesa,
5478,13190,Broadway Rd & Stapley Dr,WB Broadway Rd & FS Stapley Dr,33.408013,-111.805691,,,0,,,Mesa,
5479,13171,Broadway Rd & Sunnyvale,WB Broadway Rd & FS Sunnyvale,33.408523,-111.715167,,,0,,,Mesa,
5480,16165,Broadway Rd & Val Vista Dr,WB Broadway Rd & FS Val Vista Dr,33.408353,-111.754383,,,0,,,Mesa,
5482,13188,Broadway Rd & Williams,WB Broadway Rd & FS Williams,33.408137,-111.795318,,,0,,,Mesa,
5483,13184,Broadway Rd & Windsor,WB Broadway Rd & FS Windsor,33.408256,-111.774498,,,0,,,Mesa,
5500,16009,Brown Rd & Mesa Dr,WB Brown Rd & FS Mesa Dr,33.43569,-111.823043,,,0,,,Mesa,
5505,16012,Brown Rd & 132 East,WB Brown Rd & AT 132 East,33.435053,-111.828616,,,0,,,Mesa,
5710,16106,June St & 1392 East,WB June St & AT 1392 East,33.44917,-111.802802,,,0,,,Mesa,
5721,12610,Main St & Hunt Dr,WB Main St & FS Hunt Dr,33.415374,-111.798537,,,0,,,Mesa,
5722,12618,Main St & Hibbert,WB Main St & FS Hibbert,33.415226,-111.826844,,,0,,,Mesa,
5724,12615,Main St & Horne,WB Main St & NS Horne,33.415262,-111.813258,,,0,,,Mesa,
5726,12613,Main St & Matlock St,WB Main St & FS Matlock St,33.415247,-111.808565,,,0,,,Mesa,
5727,16161,Main St & Mesa Dr,WB Main St & FS Mesa Dr,33.415214,-111.823278,,,0,,,Mesa,
5914,14023,Southern Av & Slater,WB Southern Av & FS Slater,33.394047,-111.709446,,,0,,,Mesa,
5919,14035,Southern Av & 24th St,WB Southern Av & FS 24th St,33.393699,-111.7805,,,0,,,Mesa,
5921,14032,Southern Av & 32nd St,WB Southern Av & FS 32nd St,33.393761,-111.761746,,,0,,,Mesa,
5925,14029,Southern Av & 39th St,WB Southern Av & FS 39th St,33.393812,-111.748357,,,0,,,Mesa,
5927,14028,Southern Av & 41st St,WB Southern Av & FS 41st St,33.393839,-111.743103,,,0,,,Mesa,
5932,14024,Southern Av & 54th St,WB Southern Av & FS 54th St,33.393983,-111.715398,,,0,,,Mesa,
5940,14037,Southern Av & Gilbert Rd,WB Southern Av & FS Gilbert Rd,33.393785,-111.789231,,,0,,,Mesa,
5941,14048,Southern Av & Hall,WB Southern Av & FS Hall,33.393612,-111.793436,,,0,,,Mesa,
5942,14039,Southern Av & Harris Dr,WB Southern Av & FS Harris Dr,33.393573,-111.797309,,,0,,,Mesa,
5943,14044,Southern Av & Hobson,WB Southern Av & FS Hobson,33.393444,-111.819074,,,0,,,Mesa,
5944,14043,Southern Av & Horne,WB Southern Av & FS Horne,33.393468,-111.814661,,,0,,,Mesa,
5949,14045,Southern Av & Mesa Dr,WB Southern Av & FS Mesa Dr,33.393454,-111.823447,,,0,,,Mesa,
5952,14026,Southern Av & Roanoke,WB Southern Av & FS Roanoke,33.393914,-111.727921,,,0,,,Mesa,
5953,18568,Southern Av & Robin Ln,WB Southern Av & FS Robin Ln,33.393761,-111.770681,,,0,,,Mesa,
5954,14036,Southern Av & Rose,WB Southern Av & FS Rose,33.39369,-111.784382,,,0,,,Mesa,
5956,14046,Southern Av & Sirrine,WB Southern Av & FS Sirrine,33.393434,-111.828168,,,0,,,Mesa,
5957,14042,Southern Av & Solomon,WB Southern Av & FS Solomon,33.393457,-111.810186,,,0,,,Mesa,
5958,14040,Southern Av & Spur,WB Southern Av & FS Spur,33.393518,-111.801042,,,0,,,Mesa,
5959,14025,Southern Av & St Paul,WB Southern Av & FS St Paul,33.393923,-111.722906,,,0,,,Mesa,
5960,14041,Southern Av & Stapley Dr,WB Southern Av & FS Stapley Dr,33.393538,-111.806543,,,0,,,Mesa,
5963,14030,Southern Av & Val Vista Dr,WB Southern Av & FS Val Vista Dr,33.393801,-111.754374,,,0,,,Mesa,
5964,18178,Southern Av & Parkcrest,WB Southern Av & FS Parkcrest,33.393899,-111.733469,,,0,,,Mesa,
5965,14031,Southern Av & 3440 East,WB Southern Av & AT 3440 East,33.393786,-111.757193,,,0,,,Mesa,
6,10815,1st St & Centennial Wy,EB 1st St & NS Centennial Wy,33.417143,-111.829843,,,0,,,Mesa,
6051,16733,University Dr & Mesa Dr,WB University Dr & FS Mesa Dr,33.422442,-111.823729,,,0,,,Mesa,
6053,12150,University Dr & 23rd St,WB University Dr & FS 23rd St,33.422765,-111.78179,,,0,,,Mesa,
6054,12149,University Dr & 25th St,WB University Dr & FS 25th St,33.422778,-111.778007,,,0,,,Mesa,
6059,12151,University Dr & Gilbert Rd,WB University Dr & FS Gilbert Rd,33.422822,-111.78938,,,0,,,Mesa,
6060,12141,University Dr & Greenfield Rd,WB University Dr & FS Greenfield Rd,33.422954,-111.73719,,,0,,,Mesa,
6061,12152,University Dr & Hall St,WB University Dr & FS Hall St,33.422657,-111.793878,,,0,,,Mesa,
6063,12159,University Dr & Hibbert,WB University Dr & FS Hibbert,33.422416,-111.826842,,,0,,,Mesa,
6064,12137,University Dr & Higley Rd,WB University Dr & FS Higley Rd,33.422976,-111.71986,,,0,,,Mesa,
6065,12157,University Dr & Hobson,WB University Dr & FS Hobson,33.422451,-111.818288,,,0,,,Mesa,
6066,12156,University Dr & Horne Rd,WB University Dr & FS Horne Rd,33.422474,-111.814343,,,0,,,Mesa,
6067,12153,University Dr & Hunt Dr,WB University Dr & FS Hunt Dr,33.42259,-111.798945,,,0,,,Mesa,
6068,12148,University Dr & Lindsay Rd,WB University Dr & FS Lindsay Rd,33.422819,-111.771704,,,0,,,Mesa,
6069,16633,University Dr & Los Alamos,WB University Dr & FS Los Alamos,33.422809,-111.766531,,,0,,,Mesa,
6070,12144,University Dr & Maple,WB University Dr & FS Maple,33.422873,-111.748581,,,0,,,Mesa,
6071,12155,University Dr & Miller St,WB University Dr & FS Miller St,33.422482,-111.809374,,,0,,,Mesa,
6072,12143,University Dr & Nassau,WB University Dr & FS Nassau,33.422869,-111.744891,,,0,,,Mesa,
6073,12142,University Dr & Norfolk,WB University Dr & FS Norfolk,33.422883,-111.742181,,,0,,,Mesa,
6075,12140,University Dr & 4400 East,WB University Dr & AT 4400 East,33.422936,-111.734499,,,0,,,Mesa,
6077,12139,University Dr & Roanoke,WB University Dr & FS Roanoke,33.42294,-111.727855,,,0,,,Mesa,
6078,12138,University Dr & St Paul,WB University Dr & FS St Paul,33.422951,-111.722323,,,0,,,Mesa,
6079,12154,University Dr & Stapley Dr,WB University Dr & FS Stapley Dr,33.422494,-111.806118,,,0,,,Mesa,
6080,12145,University Dr & Val Vista Dr,WB University Dr & FS Val Vista Dr,33.422864,-111.754368,,,0,,,Mesa,
6103,16615,University Dr & Creston,WB University Dr & NS Creston,33.422839,-111.760095,,,0,,,Mesa,
6259,10602,Rio Salado Pkwy & Westwood,WB Rio Salado Pkwy & NS Westwood,33.429567,-111.852099,,,0,,,Mesa,
6278,14970,Baseline Rd & Dobson Rd,WB Baseline Rd & FS Dobson Rd,33.37871,-111.878302,,,0,,,Mesa,
6279,14972,Baseline Rd & Don Carlos,WB Baseline Rd & FS Don Carlos,33.378608,-111.891156,,,0,,,Mesa,
6281,14971,Baseline Rd & El Dorado,WB Baseline Rd & FS El Dorado,33.378629,-111.886324,,,0,,,Mesa,
6361,13203,Broadway Rd & Alma School Rd,WB Broadway Rd & FS Alma School Rd,33.407788,-111.857315,,,0,,,Mesa,
6364,13199,Broadway Rd & Country Club Dr,WB Broadway Rd & FS Country Club Dr,33.407937,-111.841476,,,0,,,Mesa,
6366,13200,Broadway Rd & Date,WB Broadway Rd & FS Date,33.407881,-111.844681,,,0,,,Mesa,
6367,13210,Broadway Rd & El Dorado,WB Broadway Rd & FS El Dorado,33.407656,-111.887364,,,0,,,Mesa,
6368,13201,Broadway Rd & Extension Rd,WB Broadway Rd & FS Extension Rd,33.407851,-111.848714,,,0,,,Mesa,
6371,13205,Broadway Rd & Longmore,WB Broadway Rd & FS Longmore,33.407726,-111.865982,,,0,,,Mesa,
6375,13209,Broadway Rd & Roosevelt Rd,WB Broadway Rd & FS Roosevelt Rd,33.407676,-111.883689,,,0,,,Mesa,
6378,13208,Broadway Rd & Valencia,WB Broadway Rd & FS Valencia,33.407717,-111.881408,,,0,,,Mesa,
6379,13202,Broadway Rd & Westwood,WB Broadway Rd & FS Westwood,33.407782,-111.852893,,,0,,,Mesa,
6382,13207,Broadway Rd & Dobson Rd,WB Broadway Rd & FS Dobson Rd,33.407772,-111.87528,,,0,,,Mesa,
6383,13206,Broadway Rd & 1820 West,WB Broadway Rd & AT 1820 West,33.407718,-111.86967,,,0,,,Mesa,
6385,13198,Broadway Rd & Robson,WB Broadway Rd & NS Robson,33.407993,-111.836582,,,0,,,Mesa,
6387,17389,Brown Rd & Center St,WB Brown Rd & FS Center St,33.43506,-111.831648,,,0,,,Mesa,
6388,17391,Brown Rd & Country Club Dr,WB Brown Rd & FS Country Club Dr,33.435283,-111.840497,,,0,,,Mesa,
6389,10816,Brown Rd & 560 West,WB Brown Rd & AT 560 West,33.435211,-111.843119,,,0,,,Mesa,
6390,17390,Brown Rd & Grand,WB Brown Rd & NS Grand,33.435213,-111.835211,,,0,,,Mesa,
65,14966,Baseline Rd & Don Carlos,EB Baseline Rd & FS Don Carlos,33.378335,-111.890148,,,0,,,Mesa,
66,14967,Baseline Rd & El Dorado,EB Baseline Rd & FS El Dorado,33.378371,-111.884928,,,0,,,Mesa,
665,13995,Southern Av & Solomon,EB Southern Av & FS Solomon,33.39324,-111.80965,,,0,,,Mesa,
666,14019,Southern Av & Mall Entrance East,EB Southern Av & FS Mall Entrance East,33.39381,-111.688592,,,0,,,Mesa,
667,14018,Southern Av & Mall Entrance West,EB Southern Av & FS Mall Entrance West,33.393786,-111.692626,,,0,,,Mesa,
675,14002,Southern Av & 24th St,EB Southern Av & FS 24th St,33.393476,-111.779361,,,0,,,Mesa,
6773,15981,Main St & Alma School Rd,WB Main St & FS Alma School Rd,33.415098,-111.857555,,,0,,,Mesa,
6775,12622,Main St & Country Club Dr,WB Main St & FS Country Club Dr,33.415308,-111.840659,,,0,,,Mesa,
6776,12623,Main St & Date,WB Main St & FS Date,33.415202,-111.844772,,,0,,,Mesa,
6777,15929,Main St & Extension Rd,WB Main St & FS Extension Rd,33.415185,-111.84894,,,0,,,Mesa,
6778,12629,Main St & Longmore,WB Main St & FS Longmore,33.414982,-111.865893,,,0,,,Mesa,
6779,18381,Main St & MacDonald,WB Main St & FS MacDonald,33.415237,-111.834637,,,0,,,Mesa,
6783,12628,Main St & Standage,WB Main St & FS Standage,33.415011,-111.861412,,,0,,,Mesa,
6785,12625,Main St & 1018 West,WB Main St & AT 1018 West,33.41508,-111.853095,,,0,,,Mesa,
680,14005,Southern Av & 32nd St,EB Southern Av & FS 32nd St,33.393571,-111.760609,,,0,,,Mesa,
683,14008,Southern Av & 39th St,EB Southern Av & FS 39th St,33.393611,-111.747301,,,0,,,Mesa,
6835,15955,McLellan Rd & Grand,WB McLellan Rd & NS Grand,33.444253,-111.835156,,,0,,,Mesa,
687,14014,Southern Av & 54th St,EB Southern Av & FS 54th St,33.393716,-111.714216,,,0,,,Mesa,
692,14001,Southern Av & Chestnut,EB Southern Av & FS Chestnut,33.393491,-111.783617,,,0,,,Mesa,
695,13997,Southern Av & Doran,EB Southern Av & FS Doran,33.393306,-111.800472,,,0,,,Mesa,
6959,18163,Southern Av & Alma School Rd,WB Southern Av & FS Alma School Rd,33.393259,-111.85798,,,0,,,Mesa,
6960,14047,Southern Av & Center St,WB Southern Av & FS Center St,33.393445,-111.830995,,,0,,,Mesa,
6963,14049,Southern Av & Country Club Dr,WB Southern Av & FS Country Club Dr,33.393456,-111.840525,,,0,,,Mesa,
6964,18569,Southern Av & Dobson Rd,WB Southern Av & FS Dobson Rd,33.393237,-111.875301,,,0,,,Mesa,
6966,14050,Southern Av & Extension Rd,WB Southern Av & FS Extension Rd,33.393344,-111.849682,,,0,,,Mesa,
6968,14054,Southern Av & Longmore,WB Southern Av & FS Longmore,33.393231,-111.864271,,,0,,,Mesa,
6969,14038,Southern Av & MacDonald,WB Southern Av & FS MacDonald,33.393425,-111.83518,,,0,,,Mesa,
6975,14058,Southern Av & San Jose,WB Southern Av & FS San Jose,33.393165,-111.878495,,,0,,,Mesa,
6976,14051,Southern Av & Westwood,WB Southern Av & FS Westwood,33.393288,-111.853482,,,0,,,Mesa,
6981,14056,Southern Av & 1860 West,WB Southern Av & AT 1860 West,33.393229,-111.872274,,,0,,,Mesa,
6982,18604,Southern Av & Stewart,WB Southern Av & NS Stewart,33.393226,-111.860801,,,0,,,Mesa,
699,14000,Southern Av & Gilbert Rd,EB Southern Av & FS Gilbert Rd,33.393407,-111.787613,,,0,,,Mesa,
700,16166,Southern Av & Greenfield Rd,EB Southern Av & FS Greenfield Rd,33.393651,-111.735247,,,0,,,Mesa,
701,13999,Southern Av & Hall,EB Southern Av & FS Hall,33.393397,-111.792651,,,0,,,Mesa,
702,13998,Southern Av & Harris Dr,EB Southern Av & FS Harris Dr,33.393342,-111.79645,,,0,,,Mesa,
703,13993,Southern Av & Hobson,EB Southern Av & FS Hobson,33.393229,-111.818233,,,0,,,Mesa,
704,13994,Southern Av & Horne,EB Southern Av & FS Horne,33.39323,-111.813359,,,0,,,Mesa,
705,14016,Southern Av & Leisure World Bl,EB Southern Av & FS Leisure World Bl,33.393752,-111.701456,,,0,,,Mesa,
706,16263,Southern Av & Lindsay Rd,EB Southern Av & FS Lindsay Rd,33.393442,-111.77048,,,0,,,Mesa,
708,13992,Southern Av & Mesa Dr,EB Southern Av & FS Mesa Dr,33.393139,-111.82239,,,0,,,Mesa,
7097,12164,University Dr & Alma School Rd,WB University Dr & FS Alma School Rd,33.4223,-111.857158,,,0,,,Mesa,
7098,16642,University Dr & Country Club Dr,WB University Dr & FS Country Club Dr,33.422515,-111.840483,,,0,,,Mesa,
7099,12161,University Dr & Date,WB University Dr & FS Date,33.422431,-111.844376,,,0,,,Mesa,
710,14010,Southern Av & Norfolk,EB Southern Av & FS Norfolk,33.393639,-111.741232,,,0,,,Mesa,
7100,12168,University Dr & Dobson Rd,WB University Dr & FS Dobson Rd,33.422254,-111.875229,,,0,,,Mesa,
7101,12162,University Dr & Extension Rd,WB University Dr & FS Extension Rd,33.4224,-111.848799,,,0,,,Mesa,
7102,12166,University Dr & Longmore Rd,WB University Dr & FS Longmore Rd,33.422245,-111.865698,,,0,,,Mesa,
7103,12169,University Dr & May St,WB University Dr & FS May St,33.422226,-111.87931,,,0,,,Mesa,
7104,12163,University Dr & Westwood,WB University Dr & FS Westwood,33.422313,-111.852707,,,0,,,Mesa,
7115,12165,University Dr & Standage,WB University Dr & NS Standage,33.422254,-111.860721,,,0,,,Mesa,
712,13991,Southern Av & Pasadena,EB Southern Av & FS Pasadena,33.393227,-111.826217,,,0,,,Mesa,
713,13990,Southern Av & Pima,EB Southern Av & FS Pima,33.393213,-111.829185,,,0,,,Mesa,
717,14015,Southern Av & Slater,EB Southern Av & FS Slater,33.39376,-111.708448,,,0,,,Mesa,
718,13996,Southern Av & Stapley Dr,EB Southern Av & FS Stapley Dr,33.393247,-111.804866,,,0,,,Mesa,
719,14017,Southern Av & Superstition Spring Bl,EB Southern Av & FS Superstition Spring Bl,33.393738,-111.697048,,,0,,,Mesa,
721,14007,Southern Av & Val Vista Dr,EB Southern Av & FS Val Vista Dr,33.393565,-111.752156,,,0,,,Mesa,
723,14006,Southern Av & 3440 East,EB Southern Av & AT 3440 East,33.393598,-111.757234,,,0,,,Mesa,
726,14012,Southern Av & Roanoke,EB Southern Av & FS Roanoke,33.393668,-111.727022,,,0,,,Mesa,
732,14013,Southern Av & St Paul,EB Southern Av & NS St Paul,33.393682,-111.723148,,,0,,,Mesa,
7619,16105,June St & Lazona Dr,WB June St & FS Lazona Dr,33.450807,-111.801075,,,0,,,Mesa,
7620,12115,University Dr & Quinn,EB University Dr & FS Quinn,33.422696,-111.732199,,,0,,,Mesa,
7684,12544,Main St & Mesa Dr,EB Main St & FS Mesa Dr,33.414934,-111.822313,,,0,,,Mesa,
78,15851,Baseline Rd & Sossaman Rd,EB Baseline Rd & FS Sossaman Rd,33.379146,-111.667199,,,0,,,Mesa,
7821,15934,Country Club Dr & Juanita Av,NB Country Club Dr & FS Juanita Av,33.382667,-111.839924,,,0,,,Mesa,
8025,16027,Coury Av & Mesa Dr,WB Coury Av & FS Mesa Dr,33.382466,-111.823868,,,0,,,Mesa,
8066,15972,Country Club Dr & Meseto Av,SB Country Club Dr & FS Meseto Av,33.368045,-111.842193,,,0,,,Mesa,
8067,15973,Country Club Dr & Guadalupe Rd,SB Country Club Dr & FS Guadalupe Rd,33.363742,-111.842037,,,0,,,Mesa,
8100,12080,Dobson Rd & 2nd St,NB Dobson Rd & NS 2nd St,33.418552,-111.874202,,,0,,,Mesa,
8101,16084,Inverness Av & Stapley Dr,WB Inverness Av & FS Stapley Dr,33.382645,-111.807044,,,0,,,Mesa,
816,12107,University Dr & Creston,EB University Dr & NS Creston,33.422598,-111.761785,,,0,,,Mesa,
817,12110,University Dr & Maple,EB University Dr & FS Maple,33.422639,-111.747871,,,0,,,Mesa,
818,12111,University Dr & Nassau,EB University Dr & FS Nassau,33.422661,-111.744217,,,0,,,Mesa,
819,12112,University Dr & 4225 East,EB University Dr & AT 4225 East,33.422655,-111.73992,,,0,,,Mesa,
82,13160,Baywood Av & Diego Cir,EB Baywood Av & FS Diego Cir,33.410334,-111.691391,,,0,,,Mesa,
820,12094,University Dr & Olive,EB University Dr & FS Olive,33.422259,-111.817883,,,0,,,Mesa,
821,12116,University Dr & 4700 East,EB University Dr & AT 4700 East,33.422707,-111.7288,,,0,,,Mesa,
822,12117,University Dr & Roanoke,EB University Dr & FS Roanoke,33.422731,-111.726448,,,0,,,Mesa,
823,17089,University Dr & St Paul,EB University Dr & FS St Paul,33.422713,-111.721717,,,0,,,Mesa,
826,12102,University Dr & 22nd Pl,EB University Dr & FS 22nd Pl,33.422547,-111.782363,,,0,,,Mesa,
827,12103,University Dr & 25th St,EB University Dr & FS 25th St,33.422545,-111.77715,,,0,,,Mesa,
83,13161,Baywood Av & 6644 East,EB Baywood Av & AT 6644 East,33.410344,-111.689114,,,0,,,Mesa,
832,12091,University Dr & Center St,EB University Dr & FS Center St,33.422159,-111.830732,,,0,,,Mesa,
8328,18717,Stapley Dr/Main St,FS Stapley Dr/EB Main St,33.415225,-111.803099,,,0,place_LRMAST,1,Mesa,
8329,18717,Stapley Dr/Main St,NS Stapley Dr/WB Main St,33.415225,-111.803099,,,0,place_LRMAST,2,Mesa,
833,16557,University Dr & Gilbert Rd,EB University Dr & FS Gilbert Rd,33.42246,-111.787297,,,0,,,Mesa,
834,16560,University Dr & Greenfield Rd,EB University Dr & FS Greenfield Rd,33.422651,-111.735908,,,0,,,Mesa,
835,12100,University Dr & Hall St,EB University Dr & FS Hall St,33.422474,-111.79303,,,0,,,Mesa,
836,12092,University Dr & Hibbert,EB University Dr & FS Hibbert,33.422189,-111.825832,,,0,,,Mesa,
838,12095,University Dr & Horne,EB University Dr & FS Horne,33.422275,-111.813632,,,0,,,Mesa,
839,12099,University Dr & Hunt Dr,EB University Dr & FS Hunt Dr,33.422411,-111.796867,,,0,,,Mesa,
84,13164,Baywood Av & 6553 East,WB Baywood Av & AT 6553 East,33.410557,-111.68778,,,0,,,Mesa,
840,12098,University Dr & Lazona Dr,EB University Dr & FS Lazona Dr,33.422365,-111.800558,,,0,,,Mesa,
841,12105,University Dr & Lindsay Rd,EB University Dr & FS Lindsay Rd,33.422531,-111.769815,,,0,,,Mesa,
842,12106,University Dr & Los Alamos,EB University Dr & FS Los Alamos,33.422579,-111.765738,,,0,,,Mesa,
843,16574,University Dr & Mesa Dr,EB University Dr & FS Mesa Dr,33.422228,-111.822263,,,0,,,Mesa,
844,12096,University Dr & Miller St,EB University Dr & FS Miller St,33.422293,-111.809301,,,0,,,Mesa,
846,12097,University Dr & Stapley Dr,EB University Dr & FS Stapley Dr,33.422305,-111.804966,,,0,,,Mesa,
847,12109,University Dr & Val Vista Dr,EB University Dr & FS Val Vista Dr,33.422623,-111.752846,,,0,,,Mesa,
848,12104,University Dr & Yale,EB University Dr & FS Yale,33.422564,-111.77328,,,0,,,Mesa,
8634,16987,Power Rd & McDowell Rd,SB Power Rd & FS McDowell Rd,33.465905,-111.684155,,,0,,,Mesa,
866,12108,University Dr & 3443 East,EB University Dr & AT 3443 East,33.42263,-111.757011,,,0,,,Mesa,
8739,12538,Main St & Country Club Dr,EB Main St & NS Country Club Dr,33.414955,-111.840912,,,0,,,Mesa,
8740,12609,Main St & Stapley Dr,WB Main St & NS Stapley Dr,33.415361,-111.804251,,,0,,,Mesa,
8741,12608,Main St & Gilbert Rd,WB Main St & FS Gilbert Rd,33.415534,-111.788846,,,0,,,Mesa,
8742,12552,Main St & Gilbert Rd,EB Main St & FS Gilbert Rd,33.415232,-111.787794,,,0,,,Mesa,
8743,12555,Main St & Lindsay Rd,EB Main St & FS Lindsay Rd,33.415305,-111.770653,,,0,,,Mesa,
8744,12605,Main St & Lindsay Rd,WB Main St & NS Lindsay Rd,33.415581,-111.77063,,,0,,,Mesa,
8745,12603,Main St & Val Vista Dr,WB Main St & FS Val Vista Dr,33.415652,-111.754632,,,0,,,Mesa,
8746,12563,Main St & Greenfield Rd,EB Main St & FS Greenfield Rd,33.415326,-111.735767,,,0,,,Mesa,
8747,12559,Main St & Val Vista Dr,EB Main St & FS Val Vista Dr,33.415329,-111.75304,,,0,,,Mesa,
8748,12599,Main St & Greenfield Rd,WB Main St & FS Greenfield Rd,33.415648,-111.736861,,,0,,,Mesa,
8749,12595,Main St & Higley Rd,WB Main St & NS Higley Rd,33.415714,-111.718726,,,0,,,Mesa,
8750,12567,Main St & Higley Rd,EB Main St & FS Higley Rd,33.415387,-111.718231,,,0,,,Mesa,
8751,12591,Main St & Recker Rd,WB Main St & FS Recker Rd,33.415771,-111.702599,,,0,,,Mesa,
8752,12571,Main St & Recker Rd,EB Main St & FS Recker Rd,33.415445,-111.701336,,,0,,,Mesa,
8753,12574,Main St & Sunaire Rd,EB Main St & FS Sunaire Rd,33.415522,-111.685727,,,0,,,Mesa,
8754,12588,Main St & Power Rd,WB Main St & FS Power Rd,33.415829,-111.685232,,,0,,,Mesa,
8758,12078,Sycamore/Main St TC,Sycamore/Main St TC (Bay 4 east side),33.415905,-111.870301,,,0,place_SYMA,4,Mesa,
8829,18884,Main St & Sycamore,WB Main St & FS Sycamore,33.415083,-111.870245,,,0,place_SYMA1,,Mesa,
8833,12581,Superstition Springs TC,Superstition Springs TC (Bay 1 south side),33.387248,-111.689666,,,0,place_SPMA,1,Mesa,
8875,16734,Power Rd & Galveston,NB Power Rd & FS Galveston,33.315056,-111.686592,,,0,,,Mesa,
8876,16737,Power Rd & Madero Av,NB Power Rd & FS Madero Av,33.372179,-111.687608,,,0,,,Mesa,
8878,16735,Power Rd & Warner Rd,NB Power Rd & FS Warner Rd,33.336584,-111.686953,,,0,,,Mesa,
8886,16749,Power Rd & Decatur St,SB Power Rd & FS Decatur St,33.426493,-111.6846,,,0,,,Mesa,
8887,16748,Power Rd & Ensenada St,SB Power Rd & FS Ensenada St,33.432025,-111.684543,,,0,,,Mesa,
8891,16757,Ray Rd & Power Rd,EB Ray Rd & FS Power Rd,33.321461,-111.686005,,,0,,,Mesa,
8894,16758,Sossaman Rd & Avry St,SB Sossaman Rd & FS Avry St,33.312651,-111.675131,,,0,,,Mesa,
8927,15414,Dobson Rd & Los Lagos Vista,SB Dobson Rd & FS Los Lagos Vista,33.371591,-111.880407,,,0,,,Mesa,
8928,15413,Dobson Rd & Lindner Av,SB Dobson Rd & FS Lindner Av,33.375184,-111.879617,,,0,,,Mesa,
8930,15415,Dobson Rd & Keating Av,SB Dobson Rd & FS Keating Av,33.367024,-111.877562,,,0,,,Mesa,
8931,15416,Dobson Rd & Guadalupe Rd,SB Dobson Rd & FS Guadalupe Rd,33.363187,-111.876785,,,0,,,Mesa,
8932,15417,Dobson Rd & Portobello Av,SB Dobson Rd & FS Portobello Av,33.360185,-111.876694,,,0,,,Mesa,
8933,15381,Dobson Rd & Peralta Av,NB Dobson Rd & FS Peralta Av,33.357955,-111.876387,,,0,,,Mesa,
8934,15403,Dobson Rd & Rio Salado Pkwy,SB Dobson Rd & NS Rio Salado Pkwy,33.430721,-111.874449,,,0,,,Mesa,
8935,15402,Bass Pro Dr & Dobson Rd,WB Bass Pro Dr & NS Dobson Rd,33.434374,-111.868165,,,0,,,Mesa,
8936,10553,Mesa Riverview North,Mesa Riverview North,33.436379,-111.862763,,,0,,,Mesa,
8948,12607,Main St & Chestnut St,WB Main St & FS Chestnut St,33.415524,-111.785801,,,0,,,Mesa,
8949,12553,Main St & Chestnut St,EB Main St & FS Chestnut St,33.415262,-111.785086,,,0,,,Mesa,
8950,12606,Main St & Windsor St,WB Main St & FS Windsor St,33.415554,-111.777929,,,0,,,Mesa,
8951,12554,Main St & Windsor St,EB Main St & FS Windsor St,33.415288,-111.777196,,,0,,,Mesa,
8952,12556,Main St & 3015 East,EB Main St & AT 3015 East,33.415319,-111.766084,,,0,,,Mesa,
8953,12557,Main St & 3201 East,EB Main St & AT 3201 East,33.415359,-111.761979,,,0,,,Mesa,
8955,12558,Main St & 3403 East,EB Main St & AT 3403 East,33.415375,-111.757529,,,0,,,Mesa,
8956,12604,Main St & 3400 East,WB Main St & AT 3400 East,33.415638,-111.758112,,,0,,,Mesa,
8957,12602,Main St & 38th St,WB Main St & FS 38th St,33.415664,-111.749758,,,0,,,Mesa,
8958,12560,Main St & 38th St,EB Main St & NS 38th St,33.415348,-111.749135,,,0,,,Mesa,
8959,12601,Main St & Sulleys Dr,WB Main St & FS Sulleys Dr,33.415623,-111.746105,,,0,,,Mesa,
8960,12561,Main St & 40th St,EB Main St & FS 40th St,33.415303,-111.744723,,,0,,,Mesa,
8961,12600,Main St & Norfolk St,WB Main St & FS Norfolk St,33.415635,-111.741942,,,0,,,Mesa,
8962,12562,Main St & Norfolk St,EB Main St & FS Norfolk St,33.415341,-111.741222,,,0,,,Mesa,
8963,12564,Main St & Quinn Dr,EB Main St & FS Quinn Dr,33.415342,-111.731699,,,0,,,Mesa,
8964,12598,Main St & Quinn Dr,WB Main St & NS Quinn Dr,33.415667,-111.731524,,,0,,,Mesa,
8965,12597,Main St & 48th St,WB Main St & FS 48th St,33.415682,-111.72814,,,0,,,Mesa,
8966,12565,Main St & 48th St,EB Main St & FS 48th St,33.415357,-111.727309,,,0,,,Mesa,
8967,12566,Main St & 5001 East,EB Main St & AT 5001 East,33.41537,-111.723892,,,0,,,Mesa,
8968,12596,Main St & 5026 East,WB Main St & AT 5026 East,33.4157,-111.722875,,,0,,,Mesa,
8969,16157,Main St & 54th St,WB Main St & FS 54th St,33.415713,-111.715183,,,0,,,Mesa,
8970,12568,Main St & 54th St,EB Main St & NS 54th St,33.4154,-111.715306,,,0,,,Mesa,
8971,12569,Main St & 56th St,EB Main St & NS 56th St,33.415416,-111.710844,,,0,,,Mesa,
8972,12593,Main St & 56th St,WB Main St & FS 56th St,33.415739,-111.710959,,,0,,,Mesa,
8973,12592,Main St & 58th St,WB Main St & FS 58th St,33.415748,-111.706595,,,0,,,Mesa,
8974,12570,Main St & 58th St,EB Main St & FS 58th St,33.415434,-111.704798,,,0,,,Mesa,
8975,12572,Main St & 63rd St,EB Main St & FS 63rd St,33.415469,-111.694738,,,0,,,Mesa,
8976,12590,Main St & 63rd St,WB Main St & FS 63rd St,33.41578,-111.695715,,,0,,,Mesa,
8977,12589,Main St & 65th St,WB Main St & FS 65th St,33.415817,-111.690294,,,0,,,Mesa,
8978,12573,Main St & 66th St,EB Main St & FS 66th St,33.415489,-111.689047,,,0,,,Mesa,
8980,18322,Williams Field Rd & Edgewater,WB Williams Field Rd & FS Edgewater,33.307276,-111.683143,,,0,,,Mesa,
8981,16759,Sossaman Rd & Tahoe Av,SB Sossaman Rd & FS Tahoe Av,33.310407,-111.670917,,,0,,,Mesa,
8992,15384,Dobson Rd & 2425 South,NB Dobson Rd & AT 2425 South,33.370779,-111.879764,,,0,,,Mesa,
8994,12901,Mesa Riverview Dr & Home Depot,EB Mesa Riverview Dr & AT Home Depot,33.431125,-111.869208,,,0,,,Mesa,
8996,15397,Dobson Rd & Rio Salado Pkwy,NB Dobson Rd & FS Rio Salado Pkwy,33.430954,-111.874004,,,0,,,Mesa,
8997,15401,Mesa Riverview Dr & Walmart,NB Mesa Riverview Dr & AT Walmart,33.433573,-111.867124,,,0,,,Mesa,
8999,17105,Power Rd & Hampton Av,SB Power Rd & FS Hampton Av,33.389639,-111.685058,,,0,,,Mesa,
9023,10028,Sycamore/Main St,NS Sycamore/EB Main St,33.414855,-111.870907,,,0,place_MALO,1,Mesa,
9050,10028,Sycamore/Main St,FS Sycamore/WB Main St,33.414855,-111.870907,,,0,place_MALO,2,Mesa,
9088,18252,West Mesa PNR,West Mesa PNR,33.381733,-111.842382,,,0,place_WMPR,,Mesa,
9089,18251,Gilbert Rd/McDowell Rd PNR,Gilbert Rd/McDowell Rd PNR,33.467505,-111.786327,,,0,place_GIMC,,Mesa,
9090,18250,Power Rd PNR,Power Rd PNR,33.470674,-111.683396,,,0,place_POPR,,Mesa,
9092,15412,Dobson Rd & Baseline Rd,SB Dobson Rd & FS Baseline Rd,33.37785,-111.878086,,,0,,,Mesa,
9097,16130,Dobson Rd & Portobello Av,NB Dobson Rd & FS Portobello Av,33.360696,-111.876419,,,0,,,Mesa,
9124,18179,Southern Av & Greenfield Rd,WB Southern Av & FS Greenfield Rd,33.393975,-111.737227,,,0,,,Mesa,
9125,18600,Alma School/Main St,NS Alma School/WB Main St,33.41494,-111.855564,,,0,place_LRMAAL,2,Mesa,
9126,18600,Alma School/Main St,FS Alma School/EB Main St,33.41494,-111.855564,,,0,place_LRMAAL,1,Mesa,
9138,16911,Power Rd & Melrose St,NB Power Rd & NS Melrose St,33.46262,-111.683825,,,0,,,Mesa,
9139,18300,Power Rd & Melrose St,SB Power Rd & FS Melrose St,33.462161,-111.684176,,,0,,,Mesa,
9140,18301,Power Rd & Hermosa Vista Dr,SB Power Rd & FS Hermosa Vista Dr,33.458698,-111.684229,,,0,,,Mesa,
9141,18271,Gilbert Rd & Brown Rd,NB Gilbert Rd & FS Brown Rd,33.437693,-111.787761,,,0,,,Mesa,
9142,18231,Gilbert Rd & Gary St,NB Gilbert Rd & FS Gary St,33.439545,-111.787736,,,0,,,Mesa,
9143,18232,Gilbert Rd & Hale St,NB Gilbert Rd & FS Hale St,33.444284,-111.787644,,,0,,,Mesa,
9144,18162,Gilbert Rd & McKellips Rd,NB Gilbert Rd & FS McKellips Rd,33.452229,-111.787442,,,0,,,Mesa,
9145,18233,Gilbert Rd & Lockwood St,NB Gilbert Rd & FS Lockwood St,33.45625,-111.787415,,,0,,,Mesa,
9146,18270,Gilbert Rd & Hermosa Vista,NB Gilbert Rd & FS Hermosa Vista,33.459561,-111.78945,,,0,,,Mesa,
9212,18260,Baseline Rd & Power Rd,EB Baseline Rd & FS Power Rd,33.37916,-111.68725,,,0,,,Mesa,
9213,18261,Baseline Rd & Roslyn,EB Baseline Rd & FS Roslyn,33.379238,-111.68382,,,0,,,Mesa,
9214,18262,Baseline Rd & Superstition Springs Bl,EB Baseline Rd & FS Superstition Springs Bl,33.379207,-111.68029,,,0,,,Mesa,
9215,18263,Baseline Rd & Avoca,EB Baseline Rd & FS Avoca,33.379175,-111.671628,,,0,,,Mesa,
9216,10859,Baseline Rd & 78th St,EB Baseline Rd & FS 78th St,33.379163,-111.662525,,,0,,,Mesa,
9275,18403,Alma School Rd & Bass Pro Dr,SB Alma School Rd & FS Bass Pro Dr,33.436221,-111.85636,,,0,,,Mesa,
9284,18176,Southern Av & Higley Rd,WB Southern Av & FS Higley Rd,33.394013,-111.720078,,,0,,,Mesa,
9285,18177,Southern Av & Higley,EB Southern Av & FS Higley,33.39364,-111.71858,,,0,,,Mesa,
9347,18601,Country Club/Main St,NS Country Club/WB Main St,33.415103,-111.839073,,,0,place_LRCCMA,2,Mesa,
9353,18601,Country Club/Main St,FS Country Club/EB Main St,33.415103,-111.839073,,,0,place_LRCCMA,1,Mesa,
9370,16469,Power Rd & McDowell Rd,NB Power Rd & FS McDowell Rd,33.466911,-111.683723,,,0,,,Mesa,
9371,11672,University Dr & Center St,WB University Dr & NS Center St,33.422428,-111.831098,,,0,,,Mesa,
9375,18257,Country Club Dr & Baseline Rd,SB Country Club Dr & FS Baseline Rd,33.377769,-111.84199,,,0,,,Mesa,
9431,18321,Williams Field Rd & Power Rd,EB Williams Field Rd & FS Power Rd,33.307013,-111.685895,,,0,,,Mesa,
9433,18254,Innovation Wy & Twining,WB Innovation Wy & NS Twining,33.309672,-111.677331,,,0,place_ASUE,,Mesa,
9435,18299,Sossaman Rd & Billings St,SB Sossaman Rd & FS Billings St,33.418697,-111.667551,,,0,,,Mesa,
9436,18298,Main St & Sossaman Rd,WB Main St & FS Sossaman Rd,33.415528,-111.667942,,,0,,,Mesa,
9437,18297,Main St & 74th St,WB Main St & FS 74th St,33.415536,-111.672117,,,0,,,Mesa,
9438,18296,Main St & Sunvalley Bl,WB Main St & NS Sunvalley Bl,33.41555,-111.675715,,,0,,,Mesa,
9439,18409,Southern Av & 2530 East,WB Southern Av & AT 2530 East,33.39373,-111.776195,,,0,,,Mesa,
9440,18408,Southern Av & 2565 East,EB Southern Av & AT 2565 East,33.393458,-111.776244,,,0,,,Mesa,
9441,18294,Dobson Rd & Decatur St,SB Dobson Rd & FS Decatur St,33.425665,-111.874492,,,0,,,Mesa,
9442,18404,Alma School Rd & Mountain View Dr,SB Alma School Rd & FS Mountain View Dr,33.433424,-111.856384,,,0,,,Mesa,
9443,18418,Alma School Rd & 10th St,NB Alma School Rd & FS 10th St,33.433185,-111.856081,,,0,,,Mesa,
9464,18323,Tiburon Av & Innovation Wy,WB Tiburon Av & NS Innovation Wy,33.308886,-111.680247,,,0,place_ASUE,,Mesa,
9467,16544,Stapley Dr & Baseline Rd,NB Stapley Dr & FS Baseline Rd,33.379422,-111.807035,,,0,,,Mesa,
9488,17082,University Dr & Power Rd,EB University Dr & FS Power Rd,33.422767,-111.683448,,,0,,,Mesa,
9489,10454,University Dr & Sunvalley Bl,EB University Dr & FS Sunvalley Bl,33.422313,-111.673526,,,0,,,Mesa,
9492,17103,Sossaman Rd & University Dr,SB Sossaman Rd & FS University Dr,33.421814,-111.667586,,,0,,,Mesa,
9497,17307,Power Rd & Orchid Ln,NB Power Rd & FS Orchid Ln,33.325902,-111.686764,,,0,,,Mesa,
9498,18602,Center/Main St,FS Center/WB Main St,33.415096,-111.830654,,,0,place_MACE,2,Mesa,
9499,18602,Center/Main St,NS Center/EB Main St,33.415096,-111.830654,,,0,place_MACE,1,Mesa,
9500,10149,Main St & 3020 East,WB Main St & AT 3020 East,33.415598,-111.766037,,,0,,,Mesa,
9501,12655,Main St & 3130 East,WB Main St & AT 3130 East,33.415611,-111.762779,,,0,,,Mesa,
9502,18603,Mesa Dr/Main St,NS Mesa Dr/WB Main St,33.415066,-111.822135,,,0,place_LRMAME,2,Mesa,
9503,18253,Phoenix-Mesa Gateway Airport,Phoenix-Mesa Gateway Airport,33.308075,-111.669334,,,0,,,Mesa,
9504,16743,Power Rd & McKellips Rd,NB Power Rd & FS McKellips Rd,33.451995,-111.683924,,,0,,,Mesa,
9505,18259,Country Club Dr & Juanita Av,SB Country Club Dr & FS Juanita Av,33.381825,-111.840322,,,0,,,Mesa,
9508,18603,Mesa Dr/Main St,FS Mesa Dr/EB Main St,33.415066,-111.822135,,,0,place_LRMAME,1,Mesa,
9548,18597,Country Club Dr & Desert Ln,SB Country Club Dr & FS Desert Ln,33.372491,-111.842367,,,0,,,Mesa,
9572,16982,Superstition Springs PNR,Superstition Springs PNR (Bay 7 west side),33.387243,-111.690189,,,0,place_SSPR,7,Mesa,
9585,12620,Centennial Wy & Main St,SB Centennial Wy & NS Main St,33.415986,-111.829046,,,0,,,Mesa,
9587,16497,8th St & Fitch Park,EB 8th St & AT Fitch Park,33.429531,-111.827462,,,0,,,Mesa,
9588,16867,Barkley & McKellips Rd,SB Barkley & FS McKellips Rd,33.45135,-111.798532,,,0,,,Mesa,
9590,16920,Power Rd & McLellan Rd,SB Power Rd & FS McLellan Rd,33.444367,-111.684357,,,0,,,Mesa,
9591,16912,Power Rd & McLellan Rd,NB Power Rd & NS McLellan Rd,33.444139,-111.684009,,,0,,,Mesa,
9595,16909,Power Rd & MCC Red Mountain Campus,NB Power Rd & AT MCC Red Mountain Campus,33.457723,-111.683891,,,0,,,Mesa,
9652,17097,Alma School Rd & Rio Salado Pkwy,NB Alma School Rd & FS Rio Salado Pkwy,33.429863,-111.856095,,,0,,,Mesa,
9653,18284,Baseline Rd & Superstition Springs Bl,WB Baseline Rd & FS Superstition Springs Bl,33.379486,-111.681197,,,0,,,Mesa,
9670,15174,University Dr & Lazona Dr,WB University Dr & FS Lazona Dr,33.422556,-111.801565,,,0,,,Mesa,
9671,15175,University Dr & Robson,WB University Dr & FS Robson,33.42248,-111.837568,,,0,,,Mesa,
9673,16708,Southern Av & 618 West,WB Southern Av & AT 618 West,33.393404,-111.84478,,,0,,,Mesa,
9675,15918,Main St & Longmore,EB Main St & NS Longmore,33.414716,-111.866047,,,0,,,Mesa,
9680,15514,Broadway Rd & 56th St,EB Broadway Rd & NS 56th St,33.408236,-111.71069,,,0,,,Mesa,
9681,16164,Broadway Rd & Recker Rd,WB Broadway Rd & FS Recker Rd,33.408603,-111.702537,,,0,,,Mesa,
9696,18885,Center St & 5th St,NB Center St & FS 5th St,33.424171,-111.831314,,,0,,,Mesa,
9697,18711,Center St & Athletics Wy,NB Center St & FS Athletics Wy,33.42732,-111.83125,,,0,,,Mesa,
9716,16495,Mesa Dr & 10th Av,NB Mesa Dr & NS 10th Av,33.396414,-111.822793,,,0,,,Mesa,
9718,14261,Center St & 7th Pl,SB Center St & FS 7th Pl,33.428647,-111.831463,,,0,,,Mesa,
9727,10848,Rio Salado Pkwy & Cherry,EB Rio Salado Pkwy & NS Cherry,33.429465,-111.846285,,,0,,,Mesa,
9728,10855,Rio Salado Pkwy & Heritage,EB Rio Salado Pkwy & FS Heritage,33.429401,-111.849678,,,0,,,Mesa,
9762,18718,Gilbert Rd/Main St,FS Gilbert Rd/WB Main St,33.415331,-111.790741,,,0,place_LRMAGI,2,Mesa,
9763,18718,Gilbert Rd/Main St,NS Gilbert Rd/EB Main St,33.415331,-111.790741,,,0,place_LRMAGI,1,Mesa,
993,17371,3rd Pl & MacDonald,EB 3rd Pl & FS MacDonald,33.421481,-111.833297,,,0,,,Mesa,
